category,screen_name,name,followed_by,is_verified,classification_reason,bio
"⚙️ Hardware, Robotics, Aerospace & Defense",HighQoyyum,Opeyemi Oladibu,YES (Mutual),Regular,Engineering & Hardware Niche,Click to Unfollow HighQoyyum Mechatronics Engineering Undergrad @ FUTAkure | Microsoft Student Ambassador | Learning Embedded Systems (ESP32 • C++) | Deutsch lernen
"⚙️ Hardware, Robotics, Aerospace & Defense",VictorMacharia0,Victor,YES (Mutual),Regular,Engineering & Hardware Niche,Click to Unfollow VictorMacharia0 mechatronics | Robotics | IoT | Embedded systems |  Drone & rocketry fanatic |   building autonomous systems & aerospace learning-to-Deployment pipelines
"⚙️ Hardware, Robotics, Aerospace & Defense",seyi1law,Seyi without vibez,YES (Mutual),Verified,Engineering & Hardware Niche,Click to Unfollow seyi1law PCB AND EMBEDDED SYSTEM DESIGNER| NSNV
"⚙️ Hardware, Robotics, Aerospace & Defense",rdotapps,Rishik,YES (Mutual),Verified,Engineering & Hardware Niche,Click to Unfollow rdotapps building the cursor for hardware
"⚙️ Hardware, Robotics, Aerospace & Defense",ischukwuemeka,simplychukwuemeka,YES (Mutual),Regular,Engineering & Hardware Niche,Click to Unfollow ischukwuemeka 3D CAD Parametric Modelling | FreeCAD Expert | Technical Drawing and Drafting | AutoCAD Expert | Intern at @emenitelimited
"⚙️ Hardware, Robotics, Aerospace & Defense",KennedyOkpara8,Kennedy Olisa,YES (Mutual),Verified,Engineering & Hardware Niche,Click to Unfollow KennedyOkpara8 Robotics| CAD| Drone specialist| UAV|Product visualization| Industrial design  I would bring your ideas to life... DM https://wa.me/message/3E5XDSQQT2YYE1…
"⚙️ Hardware, Robotics, Aerospace & Defense",cy63rx_,SaML,YES (Mutual),Verified,Engineering & Hardware Niche,Click to Unfollow cy63rx_ software • ai/ml • robotics || chasing obsession
"⚙️ Hardware, Robotics, Aerospace & Defense",_successakanbi,S,YES (Mutual),Regular,Engineering & Hardware Niche,"Click to Unfollow _successakanbi Hardware | Manufacturing | Robotics |  building @Vireontech, @Thehard_guild https://substack.com/@successakanbi"
"⚙️ Hardware, Robotics, Aerospace & Defense",Kosiengine,Kosi.py,YES (Mutual),Regular,Engineering & Hardware Niche,Click to Unfollow Kosiengine First Principles Engineer. I integrate software with hardware to make humanity better.
"⚙️ Hardware, Robotics, Aerospace & Defense",Musty_Oduks,Odukoya Mustapha,YES (Mutual),Regular,Engineering & Hardware Niche,"Click to Unfollow Musty_Oduks Cadet ASP (POLAC) Cybersecurity Learner Long-term Investor Building a career in policing, cybersecurity, and investing."
"⚙️ Hardware, Robotics, Aerospace & Defense",Adeoye79886320,Adeoye,YES (Mutual),Regular,Engineering & Hardware Niche,Click to Unfollow Adeoye79886320 Embedded system engineer || Solar and electrical engineer || Passionate about robotics || Manchester United fan
"⚙️ Hardware, Robotics, Aerospace & Defense",Omale_3,MALE,YES (Mutual),Regular,Engineering & Hardware Niche,"Click to Unfollow Omale_3 #_ARSENAL FC__  ° Jack of all trades master of none, but oftentimes better than a master of one. PYTHON | C & C++ • TECH • AI • ROBOTICS •  EEE STUDENT •"
"⚙️ Hardware, Robotics, Aerospace & Defense",Amics_xoxo,Amics,YES (Mutual),Regular,Engineering & Hardware Niche,Click to Unfollow Amics_xoxo Aerospace Engineering undergrad | Interested in anything related to tech
"⚙️ Hardware, Robotics, Aerospace & Defense",nevo_design,NEVO Designs,YES (Mutual),Regular,Engineering & Hardware Niche,Click to Unfollow nevo_design CAD DESIGNER USING @SOLIDWORKS -- @aurora_robots et @yfe_embedded - #BuildingAutonomy #NEVO
"⚙️ Hardware, Robotics, Aerospace & Defense",Dave5terr,DaveSter,YES (Mutual),Regular,Engineering & Hardware Niche,Click to Unfollow Dave5terr Christian || Finance guy || Electronics Engineer || Swing Trader || JOIN MAVEN : https://maventrading.com/?ref=mmq2mda
"⚙️ Hardware, Robotics, Aerospace & Defense",sadernoheart,sadernoheart,YES (Mutual),Verified,Engineering & Hardware Niche,Click to Unfollow sadernoheart aerospace engineering undergrad.
"⚙️ Hardware, Robotics, Aerospace & Defense",ChenZeppcb,NextPCB-zep,NO,Regular,Engineering & Hardware Niche,Click to Unfollow ChenZeppcb From NextPCB Love Electronics!! Contact me for project support zep@nextpcb.com Let's create some awesome projects together!
"⚙️ Hardware, Robotics, Aerospace & Defense",SkinnyfatTony,SkinnyFat Tony,NO,Verified,Engineering & Hardware Niche,"Click to Unfollow SkinnyfatTony Industrial Robotics.  Engineering.  Robotic Systems integration.   I am not skinny, or fat, and my name isn't Tony.  I save robots: http://greasebots.com"
"⚙️ Hardware, Robotics, Aerospace & Defense",MakerIO,maker.io,NO,Regular,Engineering & Hardware Niche,Click to Unfollow MakerIO An electronics project space powered by @DigiKey    Come #MakeWithDigiKey!
"⚙️ Hardware, Robotics, Aerospace & Defense",Arkasiraee,Ammanichanda,NO,Verified,Engineering & Hardware Niche,Click to Unfollow Arkasiraee Industrial Systems | Energy | Technology | Defense Systems  Deep dives in the Highlights Section
"⚙️ Hardware, Robotics, Aerospace & Defense",QVHenkel,Lukas Henkel,NO,Verified,Engineering & Hardware Niche,Click to Unfollow QVHenkel All things 3D | Rendering | Simulation | Electronics | StartUp | CEO engineering services company - views are my own
"⚙️ Hardware, Robotics, Aerospace & Defense",Etched,Etched,NO,Verified,Engineering & Hardware Niche,Click to Unfollow Etched Frontier Inference Clusters
"⚙️ Hardware, Robotics, Aerospace & Defense",africadeeptech,Africa Deep Tech Community,NO,Verified,Engineering & Hardware Niche,"Click to Unfollow africadeeptech Where technology minds from Africa and across the diaspora gather to discuss, strategize, and plan for a technology future"
"⚙️ Hardware, Robotics, Aerospace & Defense",neo_officialll,Neo Officiall,NO,Verified,Engineering & Hardware Niche,"Click to Unfollow neo_officialll Nigeria's fastest growing E-commerce store for Laptops, Phones, Tablets, Furniture, Electronics, Solar installation, Work/Gaming space setup & General Gadgets."
"⚙️ Hardware, Robotics, Aerospace & Defense",pequityresearch,P Equity Research,NO,Verified,Engineering & Hardware Niche,"Click to Unfollow pequityresearch Research  & News  | Semiconductors & Tech | Sharing my knowledge & insights with the world  | Deep dives, research, discord in my substack!| PMs Open"
"⚙️ Hardware, Robotics, Aerospace & Defense",droneforge,DRONEFORGE,NO,Verified,Engineering & Hardware Niche,"Click to Unfollow droneforge The smartest, most accessible UAV flight-assist   Contact: support@droneforge.us"
"⚙️ Hardware, Robotics, Aerospace & Defense",tomas_salvo22,Tomas Salvo,NO,Verified,Engineering & Hardware Niche,Click to Unfollow tomas_salvo22 AE @GeorgiaTech prev @SkydioHQ @Mach_Industries @relativityspace  Building a supersonic turbine RC plane | CA
"⚙️ Hardware, Robotics, Aerospace & Defense",RocketLab,Rocket Lab,NO,Verified,Engineering & Hardware Niche,"Click to Unfollow RocketLab Official account for Rocket Lab, the end-to-end space company. We build rockets and spacecraft that open access to space to improve life on Earth."
"⚙️ Hardware, Robotics, Aerospace & Defense",terraindustries,Terra Industries,NO,Verified,Engineering & Hardware Niche,Click to Unfollow terraindustries Defending the Global South.
"⚙️ Hardware, Robotics, Aerospace & Defense",25YearsAgoLive,2001 Live,NO,Verified,Engineering & Hardware Niche,"Click to Unfollow 25YearsAgoLive Live-posting as a reporter embedded in history. Curated by @MannyMarotta. Companion to @50YearsAgoLive, @100YearsAgoLive, and @250YearsAgoLive. DM for business."
"⚙️ Hardware, Robotics, Aerospace & Defense",Tripleace_Ade,Omo-oba Abdullah(Pilot),NO,Verified,Engineering & Hardware Niche,"Click to Unfollow Tripleace_Ade Drone Pilot|PCB design with KiCAD and Trace |Embedded ML|Edge Impulse| Drone Tutor| B.Eng, Electrical Engineering"
"⚙️ Hardware, Robotics, Aerospace & Defense",flyarcher,Archer,NO,Verified,Engineering & Hardware Niche,Click to Unfollow flyarcher Building the future of aerospace and defense (NYSE: $ACHR)  Official Air Taxi Provider @TeamUSA @LA28
"⚙️ Hardware, Robotics, Aerospace & Defense",aryanpahwani,Aryan Pahwani,NO,Verified,Engineering & Hardware Niche,"Click to Unfollow aryanpahwani 19, Physics, CS & bits of Robotics :) @_lagrangepoint, Homeschooled. ex @CSIR_IND @IITGuwahati @join_ef, eng @zamana_hq  drop feedback: http://tinyurl.com/arynpwni"
"⚙️ Hardware, Robotics, Aerospace & Defense",NASAJPL,NASA JPL,NO,Verified,Engineering & Hardware Niche,"Click to Unfollow NASAJPL The Jet Propulsion Laboratory advances science and discovery through NASA robotic missions exploring Earth, the solar system, and the universe."
"⚙️ Hardware, Robotics, Aerospace & Defense",iuliaferoli,Iulia Feroli,NO,Verified,Engineering & Hardware Niche,Click to Unfollow iuliaferoli Physical AI & robotics on YouTube @BackToEngineering · 37K+ subs · Building the on-ramp from software to hardware · she/her
"⚙️ Hardware, Robotics, Aerospace & Defense",zackslab,Zack's Lab,NO,Verified,Engineering & Hardware Niche,Click to Unfollow zackslab Electronics Engineer. Prev @Tesla (Optimus). Former @USMC Scout Sniper. Website: http://zackslab.com
"⚙️ Hardware, Robotics, Aerospace & Defense",0xkitng,Elyon,NO,Regular,Engineering & Hardware Niche,Click to Unfollow 0xkitng Hardware manufacturing and Infrastructure. #ProNigeria
"⚙️ Hardware, Robotics, Aerospace & Defense",Saint_n0mad,Saint Nomad,NO,Verified,Engineering & Hardware Niche,Click to Unfollow Saint_n0mad 0.4x Engineer in open relationship with Robotics • Aeronautics • Astronautics • Hardware • TP • Design
"⚙️ Hardware, Robotics, Aerospace & Defense",chesterzelaya,Chester,NO,Verified,Engineering & Hardware Niche,Click to Unfollow chesterzelaya founder @droneforge | scaling aerial intelligence | @ucberkeley mecheng + eecs
"⚙️ Hardware, Robotics, Aerospace & Defense",RcSboii,Random Aerospace,NO,Verified,Engineering & Hardware Niche,"Click to Unfollow RcSboii Liquid rocket engine dev·  subsea RF, AUV · NUS EE 29 · 9V1WP/KF0MBH · Amateur everything, professional nothing Propulsion Undergrad Researcher"
"⚙️ Hardware, Robotics, Aerospace & Defense",humanoidsdaily,Humanoids daily,NO,Verified,Engineering & Hardware Niche,"Click to Unfollow humanoidsdaily Humanoids Daily brings you the latest developments in robotics, with a special focus on humanoid robots and intelligent machines. Newsletter for weekly updates."
"⚙️ Hardware, Robotics, Aerospace & Defense",China768768768,Weapons and equipment marketing staff of Chinese d,NO,Verified,Engineering & Hardware Niche,Click to Unfollow China768768768 Weapons and equipment marketing staff of a wholly-owned defense company of the Central Military Commission of China
"⚙️ Hardware, Robotics, Aerospace & Defense",NASA,NASA,NO,Verified,Engineering & Hardware Niche,"Click to Unfollow NASA Making the seemingly impossible, possible."
"⚙️ Hardware, Robotics, Aerospace & Defense",anduriltech,Anduril Industries,NO,Verified,Engineering & Hardware Niche,"Click to Unfollow anduriltech Anduril is shaping the future of defense, transforming U.S. & allied military capabilities with advanced technology."
"⚙️ Hardware, Robotics, Aerospace & Defense",lukas_m_ziegler,Lukas Ziegler,NO,Verified,Engineering & Hardware Niche,Click to Unfollow lukas_m_ziegler robotics evangelist | riding the wave of robotics | angel investing
"⚙️ Hardware, Robotics, Aerospace & Defense",SpaceX,SpaceX,NO,Verified,Engineering & Hardware Niche,"Click to Unfollow SpaceX SpaceX designs, manufactures and launches the world’s most advanced rockets and spacecraft"
"⚙️ Hardware, Robotics, Aerospace & Defense",_MathAcademy_,Math Academy,NO,Verified,Engineering & Hardware Niche,"Click to Unfollow _MathAcademy_ Master math 4x more efficiently than a traditional classroom. Individualized, adaptive, AI-powered and fully automated. Accredited courses 4th grade-University."
"⚙️ Hardware, Robotics, Aerospace & Defense",DefenseTrends,DefenseTrends,NO,Verified,Engineering & Hardware Niche,Click to Unfollow DefenseTrends
"⚙️ Hardware, Robotics, Aerospace & Defense",Xaraphim,Phoenix𝕏,NO,Verified,Engineering & Hardware Niche,Click to Unfollow Xaraphim Doing CAD Till 5 in the morning | Gods Chosen Turbomachinery Engineer *in training* | Christ Is Lord | Founding Engineer @ratiodrones
"⚙️ Hardware, Robotics, Aerospace & Defense",BostonDynamics,Boston Dynamics,NO,Verified,Engineering & Hardware Niche,Click to Unfollow BostonDynamics
"⚙️ Hardware, Robotics, Aerospace & Defense",SciTechera,SciTech Era,NO,Verified,Engineering & Hardware Niche,"Click to Unfollow SciTechera Ai, longevity, singularity, robotics, energy, opinion and latest SciTech breakthroughs, i bring it to you in a simple, easy-to-read feed  ! By @Alxom17"
"⚙️ Hardware, Robotics, Aerospace & Defense",JacklouisP,Jack,NO,Verified,Engineering & Hardware Niche,Click to Unfollow JacklouisP 10 years in robotics. Robotics deep dives before they hit your time line.  Investor @robostrategy. Not investment advice
"⚙️ Hardware, Robotics, Aerospace & Defense",DefenseNigeria,Defense News Nigeria,NO,Verified,Engineering & Hardware Niche,Click to Unfollow DefenseNigeria Your source for Nigeria defense news  and military updates across Africa. DefenseNigeria is a private twitter account and is not affiliated with the AFN.
"⚙️ Hardware, Robotics, Aerospace & Defense",fermatslibrary,Fermat's Library,NO,Verified,Engineering & Hardware Niche,"Click to Unfollow fermatslibrary A platform for illuminating academic papers. We annotate and share a paper every week. Save, annotate and share papers with anyone: http://fermatslibrary.com/margins"
"⚙️ Hardware, Robotics, Aerospace & Defense",oprydai,Mustafa,NO,Verified,Engineering & Hardware Niche,Click to Unfollow oprydai 0x0.5x engineer • world models • RL • robotics • design
"⚽ Football, Sports & Celebrities",chief_koko1,Kokzisky,YES (Mutual),Regular,Sports & Athletes,"Click to Unfollow chief_koko1 Data & AI Engineer  || Greatest (in view)|| Arsenal fan  || One day at a time, but why am I anxious? || To Infinity and Beyond!"
"⚽ Football, Sports & Celebrities",Ajaoabdulmalik,Man like MALIK,YES (Mutual),Regular,Sports & Athletes,Click to Unfollow Ajaoabdulmalik Football. Creativity. Top Boy
"⚽ Football, Sports & Celebrities",JoelOzoza,joey,YES (Mutual),Regular,Sports & Athletes,Click to Unfollow JoelOzoza football fan..up the blues
"⚽ Football, Sports & Celebrities",DANSEMIRULES,D RULEZ,YES (Mutual),Regular,Sports & Athletes,Click to Unfollow DANSEMIRULES BURNABOY || ARSENAL
"⚽ Football, Sports & Celebrities",Timilehin_26,Olùwàtimilehin,YES (Mutual),Regular,Sports & Athletes,Click to Unfollow Timilehin_26 programmer  || Arsenal fan || l Stan good music ||chess lover
"⚽ Football, Sports & Celebrities",Excel_Bamidele,Bamex,YES (Mutual),Regular,Sports & Athletes,Click to Unfollow Excel_Bamidele Nursing Science | Law | Web Development| Philosophy | Politics | Football
"⚽ Football, Sports & Celebrities",UkTemuse,Felix Kufre-Ima-Abasi,YES (Mutual),Verified,Sports & Athletes,Click to Unfollow UkTemuse Economist  || Asher’s Dad || God’s son || Chelsea FC
"⚽ Football, Sports & Celebrities",Ade_Omo_Okin,Williams,YES (Mutual),Regular,Sports & Athletes,Click to Unfollow Ade_Omo_Okin The Thinking Nigerian || Criminologist || Security expert || Progressive || Humanitarian || Entertainment || Politics || Arsenal
"⚽ Football, Sports & Celebrities",oladejovictor22,Blvck boi,YES (Mutual),Regular,Sports & Athletes,Click to Unfollow oladejovictor22 Web3 … NFTs & WLs hunter … Airdrops hunter…. … Chelsea
"⚽ Football, Sports & Celebrities",LondonTeff,UNSTOPPABLE TEFF,YES (Mutual),Regular,Sports & Athletes,Click to Unfollow LondonTeff PurpleNot from here ..TEAM FTX..Leaving An Impact For EternityL.I.F.E…Believe In GodB.I.G and Don’t Stop PushingD.S.P  ARSENAL FC
"⚽ Football, Sports & Celebrities",SaliuJoshua5,private man,YES (Mutual),Regular,Sports & Athletes,Click to Unfollow SaliuJoshua5 Sweet boy  ||Footballer||♡Chelsea Fan||Chemist OAU¤||Basketball lover||model||photographer||Art||Educator
"⚽ Football, Sports & Celebrities",belike_gavi,Lemuel,YES (Mutual),Regular,Sports & Athletes,Click to Unfollow belike_gavi Relatable tweets | Messi
"⚽ Football, Sports & Celebrities",iyiowofavour,SABI GIRL,YES (Mutual),Verified,Sports & Athletes,"Click to Unfollow iyiowofavour Chelsea girl  Football  Entertainment  Lifestyle Opinions, vibes & pretty pictures  PR & Ads"
"⚽ Football, Sports & Celebrities",Aribidesi95,Ruccily,YES (Mutual),Regular,Sports & Athletes,Click to Unfollow Aribidesi95 No Grit-No Pain-No Success // @FCBarcelona /B.sc  Politics and Governance.
"⚽ Football, Sports & Celebrities",_anuboye,Anuoluwapo,YES (Mutual),Verified,Sports & Athletes,"Click to Unfollow _anuboye Football, vibes, and random thoughts live here. @ManchesterUnited"
"⚽ Football, Sports & Celebrities",chinedu_ol89698,Chelsea.Oliver,YES (Mutual),Regular,Sports & Athletes,"Click to Unfollow chinedu_ol89698 Once a blue always a blue. Chelsea till the end of time, by the way we are the best club in the world. Believe it or never win the ucl"
"⚽ Football, Sports & Celebrities",mejitwo,the meji.,YES (Mutual),Regular,Sports & Athletes,Click to Unfollow mejitwo metallurgical & materials engineering  • welder • @fcbarcelona
"⚽ Football, Sports & Celebrities",Nechee01,Neche,YES (Mutual),Regular,Sports & Athletes,"Click to Unfollow Nechee01 Real Madrid! Fooling for now...  for post notifs, come dm    Looking for my tweets, check highlight"
"⚽ Football, Sports & Celebrities",_zlater,Samson Ofubu,YES (Mutual),Verified,Sports & Athletes,"Click to Unfollow _zlater CHESS ! TECH ! SOCIAL WORKER ! MANCHESTER UNITED ! Just another really boring guy, not much to see here ."
"⚽ Football, Sports & Celebrities",Kingggg__,king.,YES (Mutual),Verified,Sports & Athletes,Click to Unfollow Kingggg__ This app is my diary | Arsenal
"⚽ Football, Sports & Celebrities",Nuel006,Nuel06,YES (Mutual),Verified,Sports & Athletes,Click to Unfollow Nuel006 God first. Football. Manchester United  #OVO
"⚽ Football, Sports & Celebrities",cardigansnow,Cardigan Interior Ventures LTD,YES (Mutual),Verified,Sports & Athletes,Click to Unfollow cardigansnow Cardigan Interior venturesLTD/ Father to Zaylen  cardigansnow@gmail.com  @fcbarcelona/ #MessiFan. EMPOWERING BUSINESS CONTENT.  IAM NOT A PHILANTHROPIST
"⚽ Football, Sports & Celebrities",LekiaGoodnews,Lekia Jnr,YES (Mutual),Regular,Sports & Athletes,Click to Unfollow LekiaGoodnews Work. Pray.. Sleep… Chelsea Davido
"⚽ Football, Sports & Celebrities",AyomideUx01,FOOTBALL WITH AYOMIDE,YES (Mutual),Regular,Sports & Athletes,"Click to Unfollow AyomideUx01 Barcelona || Mat & Met Engr || NF Fan | Banter, Opinions & Cruise || Jesus Covers My Account"
"⚽ Football, Sports & Celebrities",SmartKid0808,Smart Kid,YES (Mutual),Verified,Sports & Athletes,Click to Unfollow SmartKid0808 Zinodict  @zinoleesky01 || From the Etihad  to my heart  @mancity ||Ronaldo = GOAT forever  @Cristiano
"⚽ Football, Sports & Celebrities",CatalanLad,Catalan Lad,YES (Mutual),Regular,Sports & Athletes,"Click to Unfollow CatalanLad ""Barca in my veins Barca in my blood Barca's my Love and Barca's my whole World"" (Follow for Football, Cricket and MMA)"
"⚽ Football, Sports & Celebrities",OUdembaa,Adonia,YES (Mutual),Regular,Sports & Athletes,"Click to Unfollow OUdembaa Helping young men build discipline, health & mindset. No excuses. No shortcuts. Just growth. Discipline -Motivation. #chelsea till my papa die"
"⚽ Football, Sports & Celebrities",SamuelBestman5,Vibes and Inshallah,YES (Mutual),Regular,Sports & Athletes,Click to Unfollow SamuelBestman5 This guy tweets football and also tweet about life
"⚽ Football, Sports & Celebrities",thomm_y_son,THOMMY,YES (Mutual),Regular,Sports & Athletes,Click to Unfollow thomm_y_son Chelsea
"⚽ Football, Sports & Celebrities",ConnorHead13,( Fan) Connor UTD,YES (Mutual),Regular,Sports & Athletes,Click to Unfollow ConnorHead13 Fan• Manchester United• MUFC
"⚽ Football, Sports & Celebrities",osjdeyforyou,El Bicho of Ekiti(OSJ),YES (Mutual),Regular,Sports & Athletes,Click to Unfollow osjdeyforyou A Boy From Ekiti….//@chelseafc
"⚽ Football, Sports & Celebrities",Juddytime,ifeanyi ✰,YES (Mutual),Verified,Sports & Athletes,Click to Unfollow Juddytime Civil Engineer | Spreading Positive Vibes | Anambra tallest man | Chelsea | Catholic
"⚽ Football, Sports & Celebrities",sinzuoflagos_,,YES (Mutual),Verified,Sports & Athletes,Click to Unfollow sinzuoflagos_ .@chelseafc | @grok’s pal | sinzuszn
"⚽ Football, Sports & Celebrities",the_naijafucker,OBAY,YES (Mutual),Regular,Sports & Athletes,Click to Unfollow the_naijafucker Burna Boy Manchester United  Content creator LIS Graduate  OUTSIDER
"⚽ Football, Sports & Celebrities",EzeVictr,Eze Victor,YES (Mutual),Verified,Sports & Athletes,Click to Unfollow EzeVictr CEO @Sporting_DFC / Arsenal FC/ selective availability
"⚽ Football, Sports & Celebrities",theonlyninety6,9T6,YES (Mutual),Regular,Sports & Athletes,Click to Unfollow theonlyninety6 Damini | CR7  | #CFC
"⚽ Football, Sports & Celebrities",antysocial_dude,AntysocialDud3,YES (Mutual),Regular,Sports & Athletes,"Click to Unfollow antysocial_dude God ,Chelsea & antiworld gangster  #CFC , Solar apprentice"
"⚽ Football, Sports & Celebrities",Bugbaby234,Gladys,YES (Mutual),Regular,Sports & Athletes,Click to Unfollow Bugbaby234 OBO geng | ELON BABY | ICAN | Barca fan Football Lover old acc got suspended @xavage_girl please follow me
"⚽ Football, Sports & Celebrities",chipet_0,CHISOM,YES (Mutual),Regular,Sports & Athletes,Click to Unfollow chipet_0 Optimism regardless! MBBS; student Chelsea Lover of God Just thoughts
"⚽ Football, Sports & Celebrities",Teslar_kid,SALMON,YES (Mutual),Regular,Sports & Athletes,Click to Unfollow Teslar_kid || Manchester United || Music producer  || Sound Designer || music producer for Behinger Record label FORTUNE BEFORE FAME (EP)OUT NOW !!!
"⚽ Football, Sports & Celebrities",t0p_K_,𝔠 𝔥 𝔦 𝔫 𝔢 𝔡 𝔲,YES (Mutual),Verified,Sports & Athletes,Click to Unfollow t0p_K_ Check Header Chelsea till eternity
"⚽ Football, Sports & Celebrities",Phlex_boa10g,Big_phlex,YES (Mutual),Regular,Sports & Athletes,Click to Unfollow Phlex_boa10g Different   #arsenal
"⚽ Football, Sports & Celebrities",dsc_jr2,✞ 𝕰𝖒𝖒𝖆𝖓𝖚𝖊𝖑,YES (Mutual),Verified,Sports & Athletes,Click to Unfollow dsc_jr2 chaos with a purpose 。studying mass communication 。love playing football left back 。student of mountain top university。fun and jokes
"⚽ Football, Sports & Celebrities",BigFortunee,Bigfortune,YES (Mutual),Regular,Sports & Athletes,Click to Unfollow BigFortunee Boy Alone| Football Fan| Music lover| web2| web3 |Manchester United Fan |Dm me for Ads and promo| Influencer
"⚽ Football, Sports & Celebrities",Kkh_loe,Khloe,YES (Mutual),Regular,Sports & Athletes,Click to Unfollow Kkh_loe Your opinion about me is trash ||Aries||Chelsea
"⚽ Football, Sports & Celebrities",Mikenificent01,MIҜΞYKUN™,YES (Mutual),Regular,Sports & Athletes,Click to Unfollow Mikenificent01 °Cruise‍ °Bant  °King of Puns °bASS player °Wizkid FC °Messi °Barcelona
"⚽ Football, Sports & Celebrities",diifgs,divine✰,YES (Mutual),Regular,Sports & Athletes,Click to Unfollow diifgs soon || @arsenal
"⚽ Football, Sports & Celebrities",UgoLagos,Ugo Lagos,YES (Mutual),Verified,Sports & Athletes,Click to Unfollow UgoLagos Real life. Real talk. A little chaos & hard truths. God first. Manchester United
"⚽ Football, Sports & Celebrities",Debbiektcha_,Debbie,NO,Regular,Sports & Athletes,"Click to Unfollow Debbiektcha_ Ada|| Lover of virtuous Moral values || Sharing wisdom on relationships|| Always real, always true.|| A Proud Pick me || Real Madrid"
"⚽ Football, Sports & Celebrities",KMbappe,Kylian Mbappé,NO,Verified,Sports & Athletes,Click to Unfollow KMbappe Real Madrid C.F & France
"⚽ Football, Sports & Celebrities",Cristiano,Cristiano Ronaldo,NO,Verified,Sports & Athletes,Click to Unfollow Cristiano Welcome to the official account of Cristiano Ronaldo.
"⚽ Football, Sports & Celebrities",GothamChess,GothamChess,NO,Verified,Sports & Athletes,Click to Unfollow GothamChess The Internet's Chess Teacher
"⚽ Football, Sports & Celebrities",HKane,Harry Kane,NO,Verified,Sports & Athletes,Click to Unfollow HKane Footballer for Bayern and England.
"⚽ Football, Sports & Celebrities",Erling,Erling Haaland,NO,Verified,Sports & Athletes,Click to Unfollow Erling Every morning you have two choices: Continue to sleep with your dreams or wake up and chase them  / @mancity  @nff_landslag  @nikefootball
"⚽ Football, Sports & Celebrities",FCReplays,Football Replays,NO,Verified,Sports & Athletes,Click to Unfollow FCReplays Daily football replays/highlights covering all teams.---Embed/quote our videos and we'll repost  comment video suggestions. http://toshi.bet/r/fcreplays
"⚽ Football, Sports & Celebrities",chesscom,Chess.com,NO,Verified,Sports & Athletes,Click to Unfollow chesscom The world's largest chess community. 250 million members. Join today! Live coverage: @chess24com  Support: @chesscomsupport  Community: @GreenPawns
"⚽ Football, Sports & Celebrities",Cr7Godbrand,STUNNER,NO,Verified,Sports & Athletes,"Click to Unfollow Cr7Godbrand NO FRIEND EVER SERVED ME, AND NO ENEMY EVER WRONGED ME, WHOM I HAVE NOT REPAID IN FULL."
"⚽ Football, Sports & Celebrities",ManCity,Manchester City,NO,Verified,Sports & Athletes,Click to Unfollow ManCity Est. 1894
"⚽ Football, Sports & Celebrities",VictorManjul,Manjul Vic,NO,Verified,Sports & Athletes,Click to Unfollow VictorManjul CHEF| FARMER | DIPLOMAT | ADVOCATE|| #TRUTHoverTRIBE | JOS || P-HARCOURT|@ChelseaFC | @PETEROBI| EXPONENT OF GOOD GOVERNANCE| Back up @Manjulvic
🌐 Other Non-Mutual Accounts,AneraResearch,Anera Research Hub,NO,Regular,General / Miscellaneous Account,"Click to Unfollow AneraResearch Product development, research & validation for African beauty. Shaping better products through real consumer insight ↓"
🌐 Other Non-Mutual Accounts,joi___ai,Joi AI,NO,Verified,General / Miscellaneous Account,Click to Unfollow joi___ai Solving real loneliness of male
🌐 Other Non-Mutual Accounts,swipehound,Swipehound | Raw Dating App Game,NO,Verified,General / Miscellaneous Account,Click to Unfollow swipehound Get more matches and better pulls. Dating apps are easy when you know how to play. I'll show you. Get a profile review  http://review.theswipehound.com
🌐 Other Non-Mutual Accounts,spaceandtech_,Space and Technology,NO,Verified,General / Miscellaneous Account,"Click to Unfollow spaceandtech_ Unveiling the wonders of the cosmos, breakthroughs in innovations.  spaceandtech.contact@gmail.com"
🌐 Other Non-Mutual Accounts,WolfofX,Wolf of X,NO,Verified,General / Miscellaneous Account,Click to Unfollow WolfofX Just here to make your day a little brighter :)
🌐 Other Non-Mutual Accounts,tyleraloevera,Tyler Oliveira,NO,Verified,General / Miscellaneous Account,Click to Unfollow tyleraloevera Man with a camera asking people questions with a small microphone
🌐 Other Non-Mutual Accounts,TheCriticalDri2,The Critical Drinker,NO,Verified,General / Miscellaneous Account,"Click to Unfollow TheCriticalDri2 I review modern movies, and that's why I drink."
🌐 Other Non-Mutual Accounts,LindyTasteful,TastefulLindy,NO,Verified,General / Miscellaneous Account,Click to Unfollow LindyTasteful American Nomad
🌐 Other Non-Mutual Accounts,InterestingSTEM,Interesting STEM,NO,Verified,General / Miscellaneous Account,"Click to Unfollow InterestingSTEM Interesting and educative contents on Science, Technology, Engineering and Mathematics"
🌐 Other Non-Mutual Accounts,ahmedshubber25,Ahmed shubber,NO,Verified,General / Miscellaneous Account,Click to Unfollow ahmedshubber25 Founder/CEO of @Luminavehicles • Building electric autonomous construction equipment
🌐 Other Non-Mutual Accounts,lenguist_mb,Maksym Bondarenko,NO,Verified,General / Miscellaneous Account,Click to Unfollow lenguist_mb Working on solving engineering with AI
🌐 Other Non-Mutual Accounts,karpovlabs,Nick Karpov,NO,Verified,General / Miscellaneous Account,"Click to Unfollow karpovlabs Research multi agent active perception, 3/4D reconstruction, product @databricks"
🌐 Other Non-Mutual Accounts,i2cjak,i²cjak,NO,Verified,General / Miscellaneous Account,Click to Unfollow i2cjak electrical engineer \ 6’2”
🌐 Other Non-Mutual Accounts,Iyanuoluwa_io,The Journeying Storyteller,NO,Regular,General / Miscellaneous Account,Click to Unfollow Iyanuoluwa_io Storytelling for Impact || Documentary Photographer & Filmmaker || Helping NGOs & brands amplify SDGs with stories that inspire action || Published author
🌐 Other Non-Mutual Accounts,Parodyjeffx,Parody Jeff,NO,Verified,General / Miscellaneous Account,"Click to Unfollow Parodyjeffx Commentary & satire account. All content is opinion, fictional commentary, and satire only. SUPPORT ME: http://buymeacoffee.com/JeffxE"
🌐 Other Non-Mutual Accounts,0xHvdes,Hades,NO,Verified,General / Miscellaneous Account,Click to Unfollow 0xHvdes content obsessed | turning founder content into client acquisition
🌐 Other Non-Mutual Accounts,whotfiszackk,zack,NO,Verified,General / Miscellaneous Account,Click to Unfollow whotfiszackk faceless ai digital products
🌐 Other Non-Mutual Accounts,asuka_aryan,Asuka,NO,Verified,General / Miscellaneous Account,Click to Unfollow asuka_aryan Political and Economic Scientist
🌐 Other Non-Mutual Accounts,patrickbetdavid,Patrick Bet-David,NO,Verified,General / Miscellaneous Account,"Click to Unfollow patrickbetdavid Yankees Minority Owner  Author of “Your Next Five Moves”  Born in Iran, Made In  Half  Half Assyrian  PBD Podcast & Valuetainment"
🌐 Other Non-Mutual Accounts,rachcorrine,rachel,NO,Verified,General / Miscellaneous Account,Click to Unfollow rachcorrine cracked out / recovering hopeless romantic / absolutely bat shit / making men hot again / running sometimes / writing a lot of the time
🌐 Other Non-Mutual Accounts,WorldWarPoo,World War Poo,NO,Verified,General / Miscellaneous Account,Click to Unfollow WorldWarPoo
🌐 Other Non-Mutual Accounts,cyberwave_com,Cyberwave,NO,Regular,General / Miscellaneous Account,Click to Unfollow cyberwave_com Shipping robots as code. The #PhysicalAI is coming to all the coders.
🌐 Other Non-Mutual Accounts,NetworkChuck,NetworkChuck,NO,Verified,General / Miscellaneous Account,Click to Unfollow NetworkChuck Believer. Beard. Coffee. Tech. Youtube.  Check the link in my bio to see my latest video!
🌐 Other Non-Mutual Accounts,wojakcodes,‎Wojak Codes,NO,Verified,General / Miscellaneous Account,Click to Unfollow wojakcodes just a guy who codes for fun.
🌐 Other Non-Mutual Accounts,atlasmotion,Atlas,NO,Verified,General / Miscellaneous Account,Click to Unfollow atlasmotion Instruments of Motion
🌐 Other Non-Mutual Accounts,godlywomanhood,The Transformed Wife,NO,Verified,General / Miscellaneous Account,"Click to Unfollow godlywomanhood A wife, a mother, a grandma, and a keeper at home. Loves Jesus and is not afraid to speak Truth because it sets you free!"
🌐 Other Non-Mutual Accounts,DeletedAcc3573,Deleted Account (shadowbanned),NO,Regular,General / Miscellaneous Account,Click to Unfollow DeletedAcc3573 Exposing human nature - Femanoids are NPCs who use cuck male NPCs to perpetuate this loosh cycle. Normie males are female hiveminds with the strength of a male
🌐 Other Non-Mutual Accounts,DemonFramed,Specter,NO,Verified,General / Miscellaneous Account,Click to Unfollow DemonFramed Professional Hedonistic Absurdist
🌐 Other Non-Mutual Accounts,dmoonlives,dmoon,NO,Regular,General / Miscellaneous Account,Click to Unfollow dmoonlives Night Shining White
🌐 Other Non-Mutual Accounts,ScandinavianBob,Dopamine Focused Warriors,NO,Verified,General / Miscellaneous Account,"Click to Unfollow ScandinavianBob I help men with the strategies they need to quit using pxrn, without having to stop surfing the web. 'Scandinavian Bob' on YouTube. 14 years experience."
🌐 Other Non-Mutual Accounts,LizzyStarrrdust,LIZZY,NO,Verified,General / Miscellaneous Account,"Click to Unfollow LizzyStarrrdust Freedom liberty & anti-institutional narrative enthusiast. Spider from Mars. Enthusiastic Pirate Wench  Skankly Tweeter, CEO, Nuanced Filled Twat fest"
🌐 Other Non-Mutual Accounts,TradAdvocate,Tradvocate,NO,Verified,General / Miscellaneous Account,Click to Unfollow TradAdvocate Wife & Mother of 4.  Examining the failures of modern culture & defending traditional values.
🌐 Other Non-Mutual Accounts,Dating_Dynamics,Dating Dynamics,NO,Verified,General / Miscellaneous Account,Click to Unfollow Dating_Dynamics Straightforward Dating and Relationship Tips & Secrets that you can apply now.
🌐 Other Non-Mutual Accounts,sxhealth101,Sexual Health coach,NO,Verified,General / Miscellaneous Account,Click to Unfollow sxhealth101 I will teach you how to take care of your sexual health.
🌐 Other Non-Mutual Accounts,MindMatter28,Mind Matter,NO,Verified,General / Miscellaneous Account,Click to Unfollow MindMatter28 Follow to develop the mindset that will change and revitalize your life. DM for Collab.
🌐 Other Non-Mutual Accounts,rebelEducator,rebelEducator,NO,Verified,General / Miscellaneous Account,Click to Unfollow rebelEducator Corrupting the youth. Exploring the future of learning. Follow for ideas on how to improve your child’s education.
🌐 Other Non-Mutual Accounts,Auto_Porn,Car Porn,NO,Verified,General / Miscellaneous Account,Click to Unfollow Auto_Porn Bringing you pictures of the nicest cars on this planet daily • Contact us social@vignovic.com • Snapchat  Auto_Porn
🌐 Other Non-Mutual Accounts,MemoryOffline,Memory,NO,Verified,General / Miscellaneous Account,Click to Unfollow MemoryOffline o n l i n e
🌐 Other Non-Mutual Accounts,11Architect11,Pleasure Architect,NO,Verified,General / Miscellaneous Account,Click to Unfollow 11Architect11 I'm turning you into Casanova.
🌐 Other Non-Mutual Accounts,nickshirleyy,Nick shirley,NO,Verified,General / Miscellaneous Account,Click to Unfollow nickshirleyy If you’re reading this hit that follow button.  Teaching the world to lear  Become a subscriber to support
🌐 Other Non-Mutual Accounts,WillAttract,Will,NO,Verified,General / Miscellaneous Account,Click to Unfollow WillAttract I'll either teach you something or piss you off. Probably both though...
🌐 Other Non-Mutual Accounts,thedankoe,DAN KOE,NO,Verified,General / Miscellaneous Account,Click to Unfollow thedankoe the content brain for creators and agents: @edendotso
🌐 Other Non-Mutual Accounts,Man_to_manX,Man to Man,NO,Verified,General / Miscellaneous Account,Click to Unfollow Man_to_manX Health Expert / DM For 1-on-1 Guidance.
🌐 Other Non-Mutual Accounts,dear_brother9,To brothers,NO,Verified,General / Miscellaneous Account,Click to Unfollow dear_brother9 Helping  young boys to be unstoppable men.
🌐 Other Non-Mutual Accounts,greentickertale,greentickertales,NO,Verified,General / Miscellaneous Account,Click to Unfollow greentickertale Interested in Nigerian and Foreign equities.
🌐 Other Non-Mutual Accounts,davidasinclair,David Sinclair,NO,Verified,General / Miscellaneous Account,Click to Unfollow davidasinclair Professor researching why we age & how to reverse it. Author & host of Lifespan. Mission: Extend healthy life for all. Views are entirely his own. @joinlifespan
🌐 Other Non-Mutual Accounts,WhiteBabyFac,White Baby Factory,NO,Verified,General / Miscellaneous Account,Click to Unfollow WhiteBabyFac Your favorite homesteading posts
🌐 Other Non-Mutual Accounts,astro_Pettit,Don Pettit,NO,Verified,General / Miscellaneous Account,Click to Unfollow astro_Pettit NASA Astronaut. Photographer. Scientist. Inventor.
🌐 Other Non-Mutual Accounts,urfavbatman,Batman,NO,Verified,General / Miscellaneous Account,Click to Unfollow urfavbatman
🌐 Other Non-Mutual Accounts,mathemetica,Mathematica,NO,Verified,General / Miscellaneous Account,Click to Unfollow mathemetica Math isn't escape. It's the map through the madness.
🌐 Other Non-Mutual Accounts,NiccoloDaily,Niccolò Machiavelli | The Prince,NO,Verified,General / Miscellaneous Account,"Click to Unfollow NiccoloDaily Machiavelli, power & political strategy.  Original commentary, lessons and visuals.  Independent educational page."
🌐 Other Non-Mutual Accounts,skooookum,skooks,NO,Verified,General / Miscellaneous Account,Click to Unfollow skooookum Satire. My views are my own and do not reflect that of my employer.
🌐 Other Non-Mutual Accounts,thegunsreport01,Guns Reports,NO,Verified,General / Miscellaneous Account,Click to Unfollow thegunsreport01
🌐 Other Non-Mutual Accounts,julian__duru,Julian Dumebi Duru,NO,Verified,General / Miscellaneous Account,Click to Unfollow julian__duru co-founder @FlowResearch_. chill guy. ex principal engineer @Moniepoint. other half @UduakJames20
🌐 Other Non-Mutual Accounts,GiorgiaMeloni,Giorgia Meloni,NO,Verified,General / Miscellaneous Account,Click to Unfollow GiorgiaMeloni Prime Minister of the Italian Republic
🌐 Other Non-Mutual Accounts,ArthurMacwaters,Arthur MacWaters,NO,Verified,General / Miscellaneous Account,Click to Unfollow ArthurMacwaters cofounder @legionhealth  building healthcare to be abundant for all hiring engineers and gtm
🌐 Other Non-Mutual Accounts,MurrayHillGuy1,Murray Hill Guy,NO,Verified,General / Miscellaneous Account,"Click to Unfollow MurrayHillGuy1 Murray Chill, NYC. 5 Feet, 6 Figures, 7 Inches. Making NYC great again.  partnerships/coaching: murrayhillguy1@gmail.com"
🌐 Other Non-Mutual Accounts,cremieuxrecueil,Crémieux,NO,Verified,General / Miscellaneous Account,"Click to Unfollow cremieuxrecueil I write about genetics, 'metrics, and demographics.  Read my long-form writing at http://cremieux.xyz."
🌐 Other Non-Mutual Accounts,Bonkytheidiot,Bonky,NO,Regular,General / Miscellaneous Account,Click to Unfollow Bonkytheidiot Literally just some guy who thinks double standards are bullshit.  I like dissecting toxic behaviors around gender.
🌐 Other Non-Mutual Accounts,GadSaad,Gad Saad,NO,Verified,General / Miscellaneous Account,"Click to Unfollow GadSaad Professor, Evolutionary Behavioral Scientist, Author. Opinions are mine alone. Retweets do not necessarily imply an endorsement."
🌐 Other Non-Mutual Accounts,EsotericaHQ,rayane 𓃮,NO,Verified,General / Miscellaneous Account,Click to Unfollow EsotericaHQ ALL LIMITS ARE SELF-IMPOSED. 7–8 figure entrepreneurs hire me to remove them.  Program or be programmed.
🌐 Other Non-Mutual Accounts,chisomholic,chief sọm,NO,Verified,General / Miscellaneous Account,"Click to Unfollow chisomholic The Tragedy of Chisọm, Chief of Banditry."
🌐 Other Non-Mutual Accounts,ThePreserverofU,𝐓𝐡𝐞 𝐏𝐫𝐞𝐬𝐞𝐫𝐯𝐞𝐫,NO,Verified,General / Miscellaneous Account,Click to Unfollow ThePreserverofU I  about Self-Growth & Mindset
🌐 Other Non-Mutual Accounts,Waller7J,JWaller7,NO,Verified,General / Miscellaneous Account,"Click to Unfollow Waller7J Hard to catch, never home.."
🌐 Other Non-Mutual Accounts,GiaMMacool,Gia Macool,NO,Verified,General / Miscellaneous Account,Click to Unfollow GiaMMacool Great relationships aren't found. They're built. Teaching skills modern dating forgot. Author | Married 25+ Years ↓ Coaching
🌐 Other Non-Mutual Accounts,KE_MrBlack,MrBlack™,NO,Verified,General / Miscellaneous Account,Click to Unfollow KE_MrBlack 𝐒𝐭𝐫𝐞𝐞𝐭 𝐏𝐡𝐢𝐥𝐨𝐬𝐨𝐩𝐡𝐞𝐫
🌐 Other Non-Mutual Accounts,Gentleman_Ways,The Ways of A Gentleman,NO,Verified,General / Miscellaneous Account,"Click to Unfollow Gentleman_Ways Exploring how to live with character, purpose, and style in the modern world. Reflections on culture, etiquette, adventure, and timeless values."
🌐 Other Non-Mutual Accounts,kimchi1x,kimchi,NO,Verified,General / Miscellaneous Account,Click to Unfollow kimchi1x
🌐 Other Non-Mutual Accounts,JensenHuang,Jensen Huang,NO,Verified,General / Miscellaneous Account,Click to Unfollow JensenHuang Founder and CEO of NVIDIA.
🌐 Other Non-Mutual Accounts,soylennial,Bunts,NO,Verified,General / Miscellaneous Account,Click to Unfollow soylennial across the boundless sea under the azure blue sky
🌐 Other Non-Mutual Accounts,stoicmen_,Stoic Men,NO,Verified,General / Miscellaneous Account,Click to Unfollow stoicmen_ Teaching ancient Relationship in this modern world | Making men great again
🌐 Other Non-Mutual Accounts,Kaipphv,Kai,NO,Verified,General / Miscellaneous Account,Click to Unfollow Kaipphv Certified Fake Analyst | Investment Banking
🌐 Other Non-Mutual Accounts,guzu_p,KING CHIDI,NO,Verified,General / Miscellaneous Account,Click to Unfollow guzu_p SELF DEVELOPMENT | THE WALL OF FACTS
🌐 Other Non-Mutual Accounts,justpxcs,just pics,NO,Verified,General / Miscellaneous Account,Click to Unfollow justpxcs DM for ads & promo
🌐 Other Non-Mutual Accounts,HamzaAdonis,Hamza Ahmed,NO,Verified,General / Miscellaneous Account,"Click to Unfollow HamzaAdonis Join 2000+ guys on self improvement, get 1-1 advice from me, exclusive courses"
🌐 Other Non-Mutual Accounts,nic_munoz,Nic Munoz,NO,Verified,General / Miscellaneous Account,"Click to Unfollow nic_munoz Studying the greats of history | Host of ""The Greats"""
🌐 Other Non-Mutual Accounts,echidiimemotors,ECHIDIIME MOTORS LIMITED,NO,Verified,General / Miscellaneous Account,Click to Unfollow echidiimemotors Luxury Automobiles. Spare Parts & Heavy Duty Equip Dealer. Building Materials Distributor. Logistics. echidiimemotors@gmail.com
🌐 Other Non-Mutual Accounts,topcars_abuja,Topcars Abuja,NO,Verified,General / Miscellaneous Account,Click to Unfollow topcars_abuja Check Photos (Media) to see available cars for sale in Abuja. Click linktree for other socials & WhatsApp. 08128377049
🌐 Other Non-Mutual Accounts,bluewmist,blue,NO,Verified,General / Miscellaneous Account,Click to Unfollow bluewmist sharing content that matters. thoughts not my own.
🌐 Other Non-Mutual Accounts,jobsregion,Jobs Region,NO,Verified,General / Miscellaneous Account,"Click to Unfollow jobsregion Get fast job updates in Nigeria and abroad. For scholarships, follow @scholarsregion. Chat our WhatsApp +2348106549924 to post jobs or promotions."
🌐 Other Non-Mutual Accounts,toxicking,toxic king,NO,Verified,General / Miscellaneous Account,Click to Unfollow toxicking 777
🌐 Other Non-Mutual Accounts,OurFavOnlineDoc,OurFaveOnlineDoc,NO,Verified,General / Miscellaneous Account,Click to Unfollow OurFavOnlineDoc Not Carson. Physician. Reformed. #5Solas. British-Nigerian. Fight for the weak. Resist violent extremism. Refuse brainless sycophancy. And critique govt excess.
🌐 Other Non-Mutual Accounts,TheJoeySwoll,Joey Swoll,NO,Verified,General / Miscellaneous Account,Click to Unfollow TheJoeySwoll CEO of Gym Positivity
🌐 Other Non-Mutual Accounts,joerogan,Joe Rogan,NO,Verified,General / Miscellaneous Account,Click to Unfollow joerogan Dragon Believer
🌐 Other Non-Mutual Accounts,GWR,Guinness World Records,NO,Verified,General / Miscellaneous Account,Click to Unfollow GWR The global authority on record breaking achievements since 1955  Be Part Of It
🌐 Other Non-Mutual Accounts,ImperiumFirst,𝐆𝐫𝐢𝐦𝐚𝐥𝐝𝐮𝐬,NO,Verified,General / Miscellaneous Account,Click to Unfollow ImperiumFirst America First | Christ is King
🌐 Other Non-Mutual Accounts,bryan_johnson,Bryan Johnson,NO,Verified,General / Miscellaneous Account,"Click to Unfollow bryan_johnson Founder Immortals, Blueprint, Kernel, Braintree Venmo.   Conquering death will be humanity’s greatest achievement."
🌐 Other Non-Mutual Accounts,osca_hq,Open Source Community Africa,NO,Regular,General / Miscellaneous Account,Click to Unfollow osca_hq A budding community of 5000+ African open source builders and contributors redefining the OSS ecosystem in Africa. Come join us! (Previously @/oscafrica)
🌐 Other Non-Mutual Accounts,wholemars,Whole Mars Catalog,NO,Verified,General / Miscellaneous Account,Click to Unfollow wholemars
🌐 Other Non-Mutual Accounts,uncledoomer,doomer,NO,Verified,General / Miscellaneous Account,Click to Unfollow uncledoomer do not post gently into that good night
🌐 Other Non-Mutual Accounts,lowercaseboot,boot,NO,Verified,General / Miscellaneous Account,Click to Unfollow lowercaseboot i write about what I find interesting.
🌐 Other Non-Mutual Accounts,playboysecrets,Limo | Unfiltered Dating Advice,NO,Verified,General / Miscellaneous Account,"Click to Unfollow playboysecrets No BS dating systems for ambitious men. 1–3 dates/week in 30 days. Trusted by 1,000+ men. More content here: https://youtube.com/@limooueslati"
🌐 Other Non-Mutual Accounts,Halosznn_,HALO | CAREER SPECIALIST,NO,Verified,General / Miscellaneous Account,Click to Unfollow Halosznn_ HR  Operations & Talent Strategy Consultant • Job vacancies • cv chef• Written 3000+ cvs/resumes  • Over 6000+ have gotten jobs from my platforms.
🌐 Other Non-Mutual Accounts,PlisskenPatriot,LT Jonathan Kendrick,NO,Verified,General / Miscellaneous Account,Click to Unfollow PlisskenPatriot Heritage American | Nationalist | Patriot
🌐 Other Non-Mutual Accounts,Warchillect,Warchillect,NO,Verified,General / Miscellaneous Account,Click to Unfollow Warchillect ''Only the dead have seen the end of war.'' @tilki_shop
🌐 Other Non-Mutual Accounts,miniocular,Mini Ocular,NO,Verified,General / Miscellaneous Account,Click to Unfollow miniocular The mini ocular engine.
🌐 Other Non-Mutual Accounts,xIsraelExposedx,Israel Exposed,NO,Verified,General / Miscellaneous Account,Click to Unfollow xIsraelExposedx We archive & publish Israeli war crimes / Send us footage on telegram: https://t.me/+p_Ufon9FBOY0Y2Q0… Check our website or highlights for published stuff
🌐 Other Non-Mutual Accounts,HunterBiden,Hunter Biden,NO,Verified,General / Miscellaneous Account,Click to Unfollow HunterBiden Artist. Author. Recovery Advocate.
🌐 Other Non-Mutual Accounts,inventorkhalifa,khalifa aminu,NO,Verified,General / Miscellaneous Account,Click to Unfollow inventorkhalifa • 𝐈 𝐛𝐮𝐢𝐥𝐝 𝐰𝐡𝐚𝐭 𝐈 𝐢𝐦𝐚𝐠𝐢𝐧𝐞  • 𝐅𝐫𝐨𝐦 𝐊𝐚𝐧𝐨  𝐭𝐨 𝐭𝐡𝐞 𝐰𝐨𝐫𝐥𝐝   𝐅𝐨𝐫 𝐜𝐨𝐥𝐥𝐚𝐛𝐨𝐫𝐚𝐭𝐢𝐨𝐧 𝐃𝐌
🌐 Other Non-Mutual Accounts,TheNameofWar,The Name of War,NO,Verified,General / Miscellaneous Account,"Click to Unfollow TheNameofWar ‘Terror laid hold upon the man's soul and brought him into fear which knew no bound and tortured his mind, filling him with dread at the 𝐍𝐚𝐦𝐞 𝐨𝐟 𝐖𝐚𝐫.’"
🌐 Other Non-Mutual Accounts,mattkrisiloff,Matt Krisiloff,NO,Verified,General / Miscellaneous Account,Click to Unfollow mattkrisiloff CEO @Conception (generating human eggs to help treat infertility)  Started @SciFounders (helping scientists start companies)
🌐 Other Non-Mutual Accounts,jk_rowling,J.K. Rowling,NO,Verified,General / Miscellaneous Account,"Click to Unfollow jk_rowling Author, founder of Lumos and Beira's Place, surname rhymes with bowling, not growling."
🌐 Other Non-Mutual Accounts,jason,@jason,NO,Verified,General / Miscellaneous Account,Click to Unfollow Jason Host: @twistartups @theallinpod @thisweeknai; I invest in 100 startups a year @launch & @founderuni jason@calacanis.com for life
🌐 Other Non-Mutual Accounts,Max_Sengu,Maxwell Maduka,NO,Verified,General / Miscellaneous Account,"Click to Unfollow Max_Sengu WallFacer, Mechanic , CTO @terraindustries"
🌐 Other Non-Mutual Accounts,Reddit_Retards,Reddit Retards,NO,Verified,General / Miscellaneous Account,Click to Unfollow Reddit_Retards There's a lot of retards on Reddit. I'm here to expose them.
🌐 Other Non-Mutual Accounts,neuralink,Neuralink,NO,Verified,General / Miscellaneous Account,"Click to Unfollow neuralink Creating a general-purpose, high-bandwidth interface to the brain"
🌐 Other Non-Mutual Accounts,AfricaFactsZone,Africa Facts Zone,NO,Verified,General / Miscellaneous Account,Click to Unfollow AfricaFactsZone Africa's biggest facts brand and the world's most up-to-date facts platform. Owned by @IsimaOdeh.
🌐 Other Non-Mutual Accounts,MMatters22596,The Analyst,NO,Verified,General / Miscellaneous Account,Click to Unfollow MMatters22596 We find asymmetric growth setups before the breakout Elliott Wave | Cycles | Fundamentals Business & IR: vizongbr@gmail.com NFA | DYOR Premium access on Patreon
🌐 Other Non-Mutual Accounts,reddit_lies,Reddit Lies,NO,Verified,General / Miscellaneous Account,Click to Unfollow reddit_lies Misinformation is the bread and butter of the “free thinking high IQ” denizens of Reddit. Ephesians 5:11.   DMs open for submissions.
🌐 Other Non-Mutual Accounts,josbjohnson,jo johnson,NO,Verified,General / Miscellaneous Account,Click to Unfollow josbjohnson the relentless pursuit https://instagram.com/josb_johnson?igsh=MTZyNmNlMWppMnJueA%3D%3D&utm_source=qr…
🌐 Other Non-Mutual Accounts,theJayAlto,Jay Alto,NO,Verified,General / Miscellaneous Account,Click to Unfollow theJayAlto thinking different
🌐 Other Non-Mutual Accounts,joinautopilot,Autopilot,NO,Verified,General / Miscellaneous Account,Click to Unfollow joinautopilot Making the best investment strategies available to invest alongside. $1.8B invested so far. Best known for launching @PelosiTracker
🌐 Other Non-Mutual Accounts,damianplayer,Damian Player,NO,Verified,General / Miscellaneous Account,Click to Unfollow damianplayer engineering virality behind the fastest growing companies in AI.
🌐 Other Non-Mutual Accounts,marktilbury,Mark Tilbury,NO,Verified,General / Miscellaneous Account,Click to Unfollow marktilbury Self-Made Millionaire sharing money & success tips from my years of experience.
🌐 Other Non-Mutual Accounts,AramideOyekunle,Jobs with Aramide,NO,Verified,General / Miscellaneous Account,Click to Unfollow AramideOyekunle Welcome to my Page. I post Verified Job Vacancies. #FullTime #Remote #Hybrid #Web3 #Ad #CV• DM or: jobswitharamide@gmail.com /WhatsApp: 09052335205
🌐 Other Non-Mutual Accounts,Founder_Mode_,Founder Mode,NO,Verified,General / Miscellaneous Account,Click to Unfollow Founder_Mode_ a running archive of the chronically locked in. by @armaanSkooner
🌐 Other Non-Mutual Accounts,goo_vision,goo.vision,NO,Verified,General / Miscellaneous Account,Click to Unfollow goo_vision Artist and Designer    |  Visions from the latent space Manifold  |  https://manifold.xyz/@goovision OBJKT  |  https://objkt.com/@goovision
🌐 Other Non-Mutual Accounts,thearmoredgroup,The Armored Group,NO,Verified,General / Miscellaneous Account,Click to Unfollow thearmoredgroup Built on Trust. Designed for Protection.
🌐 Other Non-Mutual Accounts,TheCumpound,the cumpound,NO,Verified,General / Miscellaneous Account,Click to Unfollow TheCumpound Make Crime Legal.  shitcoin degen. $aislop
🌐 Other Non-Mutual Accounts,eptwts,EP,NO,Verified,General / Miscellaneous Account,Click to Unfollow eptwts product pusher
🌐 Other Non-Mutual Accounts,multiplanet1,Race,NO,Verified,General / Miscellaneous Account,Click to Unfollow multiplanet1 Making you a bit more wise everyday.
🌐 Other Non-Mutual Accounts,Daywrotethis,Day,NO,Verified,General / Miscellaneous Account,Click to Unfollow Daywrotethis Writer. Surfer. Modern Pirate  Taking the piss out of life.  I go harder on Substack.  contact: daywrotethis@gmail.com or DM
🌐 Other Non-Mutual Accounts,QuoteNietzsche,Friedrich Nietzsche Notebook,NO,Verified,General / Miscellaneous Account,Click to Unfollow QuoteNietzsche Everything Friedrich Nietzsche. Ideas and reflections to think deeper and live sharper. Fan Project. Not affiliated with any official estate or organization.
🌐 Other Non-Mutual Accounts,MyFCMB,FCMB,NO,Verified,General / Miscellaneous Account,"Click to Unfollow MyFCMB Helping people, businesses & communities thrive since 1982. Follow to see what we are up to. Need help? Send a DM to our help handle @fcmb_help for resolution"
🌐 Other Non-Mutual Accounts,DurableMLecture,DML | DurableManLecture,NO,Verified,General / Miscellaneous Account,"Click to Unfollow DurableMLecture If you hate women, get the fuck out of here."
🌐 Other Non-Mutual Accounts,naira_rates,₦aira Rates,NO,Verified,General / Miscellaneous Account,Click to Unfollow naira_rates Unofficial daily Naira exchange rates   Dollar •  Pound  •  Euro   Sourced from Open Source APIs  Turn on notifications to keep updated
🌐 Other Non-Mutual Accounts,kanyewest,ye,NO,Verified,General / Miscellaneous Account,Click to Unfollow kanyewest
🌐 Other Non-Mutual Accounts,ShadowofEzra,Shadow of Ezra,NO,Verified,General / Miscellaneous Account,Click to Unfollow ShadowofEzra I am only on X and Telegram under the same handle. All other accounts are scamners and imposters.
🌐 Other Non-Mutual Accounts,narendramodi,Narendra Modi,NO,Verified,General / Miscellaneous Account,Click to Unfollow narendramodi Prime Minister of India
🌐 Other Non-Mutual Accounts,boy_director,TG OMORI,NO,Verified,General / Miscellaneous Account,Click to Unfollow boy_director omoriviews@gmail.com
🌐 Other Non-Mutual Accounts,_falsi1ke,Ja Leto,NO,Verified,General / Miscellaneous Account,Click to Unfollow _falsi1ke Time flies when you’re broke
🌐 Other Non-Mutual Accounts,jakerattlesnk,Jake Rattlesnake,NO,Verified,General / Miscellaneous Account,Click to Unfollow jakerattlesnk Founder of Rattlesnake TV
🌐 Other Non-Mutual Accounts,blackpillonly,blackpill,NO,Verified,General / Miscellaneous Account,Click to Unfollow blackpillonly Take the blackpill before its too late  $bp  Hz5umnpTrCjXNUrZtZAdviEfmXDzmaBZiQefVdb9pump
🌐 Other Non-Mutual Accounts,j_fishback,James Fishback,NO,Verified,General / Miscellaneous Account,Click to Unfollow j_fishback Fourth-Generation Floridian. Christian. Husband. Business owner.
🌐 Other Non-Mutual Accounts,JobFound5,Jobfound Remote Jobs,NO,Regular,General / Miscellaneous Account,"Click to Unfollow JobFound5 Discover top remote, US, UK, and global job opportunities. Get hired for the role that fits your skills."
🌐 Other Non-Mutual Accounts,PalantirTech,Palantir,NO,Verified,General / Miscellaneous Account,Click to Unfollow PalantirTech Own the means of production. Revolt with us.
🌐 Other Non-Mutual Accounts,ReachTWR,THE WAR ROOM,NO,Verified,General / Miscellaneous Account,Click to Unfollow ReachTWR THE WAR ROOM is a global network in which exemplars of individualism work to free the modern man from socially induced incarceration.
🌐 Other Non-Mutual Accounts,HowToPrompt__,How To Prompt,NO,Verified,General / Miscellaneous Account,Click to Unfollow HowToPrompt__ Trustworthy AI education.
🌐 Other Non-Mutual Accounts,herrmann1001,Iceman,NO,Verified,General / Miscellaneous Account,"Click to Unfollow herrmann1001 RFID hacker, Proxmark, NFC & EMV | Magic moon beans | Four spaces instead of Tab | https://youtube.com/@iceman1001/  https://linktr.ee/iceman1001"
🌐 Other Non-Mutual Accounts,levidiamode,levi,NO,Verified,General / Miscellaneous Account,Click to Unfollow levidiamode 365 days of GPU programming ▓▓▓▓▓▓▓▓▓▓▓▓▓▓▓▓▓▓▓▓▓░░░░░░░░░░░░░░ 236/365
🌐 Other Non-Mutual Accounts,_KingNath,Nathan Nwachuku,NO,Regular,General / Miscellaneous Account,Click to Unfollow _KingNath CEO @terraindustries | techno-industrialist | physicist
🌐 Other Non-Mutual Accounts,BeBetterMan_,Better Man,NO,Verified,General / Miscellaneous Account,Click to Unfollow BeBetterMan_ The Standard for Better Men. Tailored for Better Men. Be a Better Man.
🌐 Other Non-Mutual Accounts,CristeraAbigail,Abby ♱,NO,Verified,General / Miscellaneous Account,Click to Unfollow CristeraAbigail The common good begins when women's bodies cease to be a public resource. LightWarrior. Save By
🌐 Other Non-Mutual Accounts,dantefofante,dante,NO,Verified,General / Miscellaneous Account,Click to Unfollow dantefofante http://dantefofante.com
🌐 Other Non-Mutual Accounts,texhnolyze_d,Alex,NO,Verified,General / Miscellaneous Account,"Click to Unfollow texhnolyze_d an invisible weapon, for an invisible war"
🌐 Other Non-Mutual Accounts,tom_doerr,Tom Dörr,NO,Verified,General / Miscellaneous Account,"Click to Unfollow tom_doerr Follow for posts about GitHub repos, DSPy, and agents Subscribe for top posts DM to share your AI project (Due to volume of DMs I'll prioritize subscribers)"
🌐 Other Non-Mutual Accounts,iamasoothsayer,soothsayer,NO,Regular,General / Miscellaneous Account,Click to Unfollow iamasoothsayer reads the future
🌐 Other Non-Mutual Accounts,OzorNdiOzor,Ozor Ndi Ozor,NO,Verified,General / Miscellaneous Account,"Click to Unfollow OzorNdiOzor Cyber Journo with In-Depth Vigor for Fascinating Stories. My stories emerge from navigating the piquancy of our world, much like Earth orbits the Sun."
🌐 Other Non-Mutual Accounts,Nithya_Shrii,Nithya Shri,NO,Verified,General / Miscellaneous Account,Click to Unfollow Nithya_Shrii Subscribe if you love my Post  Be positive  Stylist  Part time HR  Full time on X
🌐 Other Non-Mutual Accounts,DeleFarotimi,Dele Farotimi. A victim of Nigeria,NO,Regular,General / Miscellaneous Account,Click to Unfollow DeleFarotimi patriot of an unborn nation
🌐 Other Non-Mutual Accounts,KnightWorld,Knight World,NO,Verified,General / Miscellaneous Account,Click to Unfollow KnightWorld Creating a video with @Grok is so much fun
🌐 Other Non-Mutual Accounts,karunpal,Karun Pal,NO,Verified,General / Miscellaneous Account,"Click to Unfollow karunpal Writer. Observations on human nature, creativity, modern life, and everything in between."
🌐 Other Non-Mutual Accounts,ModernVirility,Modern Virility,NO,Verified,General / Miscellaneous Account,Click to Unfollow ModernVirility Teaching you how to get girls NATURALLY without studying books for hours.
🌐 Other Non-Mutual Accounts,LensScientific,The Scientific Lens,NO,Verified,General / Miscellaneous Account,"Click to Unfollow LensScientific Making physics easier to understand, from the fundamentals to the latest discoveries."
🌐 Other Non-Mutual Accounts,The_Chapters_,Chapters,NO,Verified,General / Miscellaneous Account,Click to Unfollow The_Chapters_ Turn on Notis  DM For Promos  92866
🌐 Other Non-Mutual Accounts,ymmmayer,`,NO,Verified,General / Miscellaneous Account,Click to Unfollow ymmmayer Relatable thoughts.
🌐 Other Non-Mutual Accounts,Mans_Ascent,Mans Ascent,NO,Verified,General / Miscellaneous Account,Click to Unfollow Mans_Ascent wake up
🌐 Other Non-Mutual Accounts,nayibbukele,Nayib Bukele,NO,Verified,General / Miscellaneous Account,Click to Unfollow nayibbukele Philosopher King
🌐 Other Non-Mutual Accounts,Thefishermanm,The Fisherman |,NO,Verified,General / Miscellaneous Account,Click to Unfollow Thefishermanm
🌐 Other Non-Mutual Accounts,joseph_tsar_,Joseph Tsar,NO,Verified,General / Miscellaneous Account,Click to Unfollow joseph_tsar_ We solve communication. Nounce Founder
🌐 Other Non-Mutual Accounts,yacineMTB,kache,NO,Verified,General / Miscellaneous Account,"Click to Unfollow yacineMTB reinforcement learning, robots. prev eng @ x, stripe. 6'3 (height)  tensorpunk, Father 2u2  subscribe to read my blog!"
🌐 Other Non-Mutual Accounts,sevdaloji,Sevda,NO,Verified,General / Miscellaneous Account,Click to Unfollow sevdaloji DM for paid RT ads and collaborations
🌐 Other Non-Mutual Accounts,SchoolOfGr8Men,School Of Great Men,NO,Regular,General / Miscellaneous Account,Click to Unfollow SchoolOfGr8Men Dad to 4. Ghostwriter. I show you how to turn your ideas to money. 1 idea + Daily content to $100k+/month. Likes to cash. DM for guidance.
🌐 Other Non-Mutual Accounts,newusof,NewUs,NO,Verified,General / Miscellaneous Account,Click to Unfollow newusof Premium threads & videos for premium people.
🌐 Other Non-Mutual Accounts,marriedmn,The married man,NO,Verified,General / Miscellaneous Account,Click to Unfollow marriedmn Been married for over 15 yrs. I teach men how to have a succesful marriage
🌐 Other Non-Mutual Accounts,venom1s,︎ ︎venom,NO,Verified,General / Miscellaneous Account,"Click to Unfollow venom1s It's not who I am underneath, but what I do that defines me."
🌐 Other Non-Mutual Accounts,DakotaW727,Kota,NO,Verified,General / Miscellaneous Account,"Click to Unfollow DakotaW727 | Godspeed | Mech Engineer, Nerd, Hybrid Athlete"
🌐 Other Non-Mutual Accounts,alecttrona,Samantha,NO,Verified,General / Miscellaneous Account,Click to Unfollow alecttrona Just a girl who loves menswear Styling - http://thenonnegotiables.co Shop My - http://shopmy.us/alectrona Substack - https://alecttrona.substack.com
🌐 Other Non-Mutual Accounts,VoicesofWW2,Voices of WW2,NO,Verified,General / Miscellaneous Account,Click to Unfollow VoicesofWW2 Posting photos of #WW2 #OnThisDay Check out my YouTube Channel below
🌐 Other Non-Mutual Accounts,firearmvideos,Firearm Videos,NO,Verified,General / Miscellaneous Account,Click to Unfollow firearmvideos Daily Firearm Videos
🌐 Other Non-Mutual Accounts,dalepartridge,Dale Partridge,NO,Verified,General / Miscellaneous Account,"Click to Unfollow dalepartridge Aspiring General in the Culture War. Pastor @kingswayarizona. Founder of http://Relearn.org, American Glory at @nxrstudios, and author of “The Israel Delusion.”"
🌐 Other Non-Mutual Accounts,AMAZlNGNATURE,Nature is Amazing,NO,Verified,General / Miscellaneous Account,Click to Unfollow AMAZlNGNATURE Animals  Nature  Discovery   business inquiries: media@fixated.com
🌐 Other Non-Mutual Accounts,Britannica,Encyclopaedia Britannica,NO,Verified,General / Miscellaneous Account,Click to Unfollow Britannica Since 1768.  Speak Volumes.
🌐 Other Non-Mutual Accounts,baba_Omoloro,Peter Agboola,NO,Verified,General / Miscellaneous Account,Click to Unfollow baba_Omoloro Mushin Primary School
🌐 Other Non-Mutual Accounts,RT_com,RT,NO,Regular,General / Miscellaneous Account,"Click to Unfollow RT_com Freedom over censorship, Truth over narrative"
🌐 Other Non-Mutual Accounts,classicspilled,𝒩𝒶𝓉𝒶𝓁𝒾𝒶,NO,Verified,General / Miscellaneous Account,"Click to Unfollow classicspilled “Perhaps - I want the old days back again and they'll never come back, and I am haunted by the memory of them and of the world falling about my ears. ”-Mitchell"
🌐 Other Non-Mutual Accounts,hikingtheglobe0,The Earth,NO,Verified,General / Miscellaneous Account,"Click to Unfollow hikingtheglobe0 Capturing nature as it is meant to be seen. Sky above, earth below, peace within."
🌐 Other Non-Mutual Accounts,LordMasterIvan,Ivan,NO,Verified,General / Miscellaneous Account,Click to Unfollow LordMasterIvan interesting behaviour.
🌐 Other Non-Mutual Accounts,echoesofworld,✶,NO,Verified,General / Miscellaneous Account,Click to Unfollow echoesofworld a quiet map of the world
🌐 Other Non-Mutual Accounts,euronationalizt,Nationalist,NO,Verified,General / Miscellaneous Account,Click to Unfollow euronationalizt Western civilizational beauty
🌐 Other Non-Mutual Accounts,mralexthomas,Achilles,NO,Verified,General / Miscellaneous Account,"Click to Unfollow mralexthomas Helping men build the body and the identity to match. DM ""ACHILLES"" for 1:1"
🌐 Other Non-Mutual Accounts,conductr_,conduct|r,NO,Verified,General / Miscellaneous Account,Click to Unfollow conductr_ Unleash your limitless potential. Join the free Telegram channel: https://t.me/codeofconductr
🌐 Other Non-Mutual Accounts,romanhelmetguy,Roman Helmet Guy,NO,Verified,General / Miscellaneous Account,Click to Unfollow romanhelmetguy Tribune of the Plebs.
🌐 Other Non-Mutual Accounts,beautyexplorer0,The American Portrait,NO,Verified,General / Miscellaneous Account,Click to Unfollow beautyexplorer0 Testing your knowledge on the most famous faces in American History    Fan Account
🌐 Other Non-Mutual Accounts,incentivising,Incentivising,NO,Verified,General / Miscellaneous Account,Click to Unfollow incentivising Independent Researcher & Consultant | Behavioral Strategy. Game Theory. Neuroscience. | Exceed the Equilibrium.
🌐 Other Non-Mutual Accounts,Bqmbulu,Bambulu,NO,Verified,General / Miscellaneous Account,Click to Unfollow Bqmbulu Gangsta
🌐 Other Non-Mutual Accounts,TheAutoHub,Car Hub,NO,Verified,General / Miscellaneous Account,"Click to Unfollow TheAutoHub Bringing you pictures of the nicest cars on this planet daily. None of the cars are mine, DM for credit/removal. Turn on post notifications"
🌐 Other Non-Mutual Accounts,aristomarinetti,Aristo,NO,Regular,General / Miscellaneous Account,Click to Unfollow aristomarinetti Balli Kombëtar
🌐 Other Non-Mutual Accounts,ConsulofRome_,𝐑𝐎𝐌𝐄,NO,Verified,General / Miscellaneous Account,Click to Unfollow ConsulofRome_ Magister Militum per Twitterum
🌐 Other Non-Mutual Accounts,xygort,Green,NO,Verified,General / Miscellaneous Account,Click to Unfollow xygort
🌐 Other Non-Mutual Accounts,hamptonism,ₕₐₘₚₜₒₙ,NO,Verified,General / Miscellaneous Account,Click to Unfollow hamptonism
🌐 Other Non-Mutual Accounts,JackKrucial,Jack Krucial,NO,Verified,General / Miscellaneous Account,Click to Unfollow JackKrucial Bsc. Science | Masters of Physiotherapy.  危険な紳士  For elite operators.
🌐 Other Non-Mutual Accounts,xueqinjiang,Jiang Xueqin,NO,Regular,General / Miscellaneous Account,Click to Unfollow xueqinjiang I analyze the past to predict the future.
🌐 Other Non-Mutual Accounts,YourPrimePath,Your Best Version,NO,Verified,General / Miscellaneous Account,Click to Unfollow YourPrimePath Turn on notifications
🌐 Other Non-Mutual Accounts,Remnantize,ᴅᴇᴡ,NO,Regular,General / Miscellaneous Account,Click to Unfollow Remnantize // Archive //
🌐 Other Non-Mutual Accounts,matt_gray_,MATT GRAY,NO,Verified,General / Miscellaneous Account,"Click to Unfollow matt_gray_ ""The Systems Guy"" | The operating system behind 7 to 9-figure founder brands.  Founder & CEO @founderos"
🌐 Other Non-Mutual Accounts,ProofofMaro,maro,NO,Verified,General / Miscellaneous Account,"Click to Unfollow ProofofMaro accidental engineer, deliberate polymath, serial entrepreneur  ‘Fifth Dimensional Economics’"
🌐 Other Non-Mutual Accounts,IgboHistoFacts,IGBO History & Facts,NO,Verified,General / Miscellaneous Account,Click to Unfollow IgboHistoFacts The biggest Igbo brand on social media — reaching over 50 million people worldwide every week.
🌐 Other Non-Mutual Accounts,RyanHoliday,Ryan Holiday,NO,Verified,General / Miscellaneous Account,Click to Unfollow RyanHoliday NYT Bestselling Author Of The Obstacle Is The Way & more @DailyStoic @DailyDadEmail Sign Up For My Daily Email Here
🌐 Other Non-Mutual Accounts,digiii,Digi,NO,Verified,General / Miscellaneous Account,Click to Unfollow digiii Selling Shovels @EYEKONSTUDIO // delusional optimist @rollbit
🌐 Other Non-Mutual Accounts,PsycheSamurai,Psyche Samurai,NO,Regular,General / Miscellaneous Account,Click to Unfollow PsycheSamurai Use your body and mind to achieve anything you want | Join the upper echelon
🌐 Other Non-Mutual Accounts,Pred_History,Predictive History,NO,Regular,General / Miscellaneous Account,"Click to Unfollow Pred_History Official account of @xueqinjiang's ""Predictive History""   Analyzing history to connect the past, explain the present, and predict the future."
🌐 Other Non-Mutual Accounts,DefiantLs,Defiant L’s,NO,Verified,General / Miscellaneous Account,"Click to Unfollow DefiantLs Exposing hypocrisy, one day at a time. | DM submissions"
🌐 Other Non-Mutual Accounts,mathelirium,Mathelirium,NO,Verified,General / Miscellaneous Account,"Click to Unfollow mathelirium Math, Physics & ML visuals - ex İTÜ & McMaster  Have a great idea you want to visualize?  Subscribe :  https://x.com/mathelirium/creator-subscriptions/subscribe…"
🌐 Other Non-Mutual Accounts,disclosetv,Disclose.tv,NO,Verified,General / Miscellaneous Account,Click to Unfollow disclosetv Observing world events unfold in the grand theater of our time.
🌐 Other Non-Mutual Accounts,Getinwithgame,Master Togan,NO,Verified,General / Miscellaneous Account,Click to Unfollow Getinwithgame Author | Coach —Put your mission first| Build a powerful lifestyle| Money man| Teaching on how men & women should behave in order to find love & keep love alive
🌐 Other Non-Mutual Accounts,oldmedia,Old Media,NO,Verified,General / Miscellaneous Account,Click to Unfollow oldmedia media from the ’00s and earlier - Powered by @rainbetcom
🌐 Other Non-Mutual Accounts,randallmbriggs,Randall Briggs,NO,Verified,General / Miscellaneous Account,Click to Unfollow randallmbriggs Founder of @steelbot_ Building affordable American humanoids that anyone can program.
🌐 Other Non-Mutual Accounts,lexfridman,Lex Fridman,NO,Verified,General / Miscellaneous Account,Click to Unfollow lexfridman Host of Lex Fridman Podcast. Interested in robots and humans.
🌐 Other Non-Mutual Accounts,ScholarshipfPhd,Scholarship for PhD,NO,Verified,General / Miscellaneous Account,"Click to Unfollow ScholarshipfPhd PhD, Postdoc & Fellowship scholarships, research tips & more  Stay updated & subscribe for exclusive premium content Promotion: support@scholarshipforphd.com"
🌐 Other Non-Mutual Accounts,AlpacaAurelius,Carnivore Aurelius ©,NO,Verified,General / Miscellaneous Account,"Click to Unfollow AlpacaAurelius You will own cows, eat steak, get sunlight and you will be happy Link below for zero glyphosate collagen and coffee. Not medical advice."
🌐 Other Non-Mutual Accounts,Uncommonsince76,Uncommon Sense,NO,Verified,General / Miscellaneous Account,"Click to Unfollow Uncommonsince76 Looking for the Uncommon Sense within America, and amplifying it whenever found."
🌐 Other Non-Mutual Accounts,poetengineer__,Kat ⊷ the Poet Engineer,NO,Verified,General / Miscellaneous Account,"Click to Unfollow poetengineer__ artist, engineer, researcher. neuroscience, machine psyche. science & art, futuristic & ancient."
🌐 Other Non-Mutual Accounts,Kekius_Sage,Kekius Maximus,NO,Verified,General / Miscellaneous Account,Click to Unfollow Kekius_Sage Physics • Math • Cosmos • Nature • Science in all forms. for work DM my telegram @kekius_sage
🌐 Other Non-Mutual Accounts,GadzhiIman,Iman Gadzhi,NO,Verified,General / Miscellaneous Account,Click to Unfollow GadzhiIman Owner: http://consulting.com (Est. 2016) Co-Owner: @whop ($4b + GMV) In my free time: Hills
🌐 Other Non-Mutual Accounts,lifemaxxjourney,lifemaxxers,NO,Verified,General / Miscellaneous Account,Click to Unfollow lifemaxxjourney Charisma specialists  https://lifemaxxers.substack.com
🌐 Other Non-Mutual Accounts,lichthauch,,NO,Verified,General / Miscellaneous Account,"Click to Unfollow lichthauch soul carpenter, son architect, dust made flesh"
🌐 Other Non-Mutual Accounts,rawknuckle,RAW,NO,Verified,General / Miscellaneous Account,Click to Unfollow rawknuckle
🌐 Other Non-Mutual Accounts,socraticexp,Socratic Experience,NO,Verified,General / Miscellaneous Account,"Click to Unfollow socraticexp Live online school, grades K–12. For kids who are too bright, too curious, or too bored for the box they're in. Socratic seminars of ~15."
🌐 Other Non-Mutual Accounts,PhilosophyOfPhy,Philosophy Of Physics,NO,Verified,General / Miscellaneous Account,"Click to Unfollow PhilosophyOfPhy Study physics. Not for formulas, but for the thinking process."
🌐 Other Non-Mutual Accounts,lindaxie,Linda Xie,NO,Verified,General / Miscellaneous Account,"Click to Unfollow lindaxie taking a break to self study physics. previously: early @coinbase, cofounder @scalarcapital and @bountycaster, dev ecosystem @farcaster_xyz"
🌐 Other Non-Mutual Accounts,adcock_brett,Brett Adcock,NO,Verified,General / Miscellaneous Account,Click to Unfollow adcock_brett
🌐 Other Non-Mutual Accounts,nervemed,nervemed,NO,Verified,General / Miscellaneous Account,Click to Unfollow nervemed Follow for medical cases daily.                        Contact us: nerve.education@gmail.com
🌐 Other Non-Mutual Accounts,recreatings,,NO,Verified,General / Miscellaneous Account,Click to Unfollow recreatings against all odds • dm for promo
🌐 Other Non-Mutual Accounts,Math_files,Math Files,NO,Verified,General / Miscellaneous Account,Click to Unfollow Math_files Life is nonlinear. So handle it using Math.
🌐 Other Non-Mutual Accounts,math4feminists,math4feminists,NO,Regular,General / Miscellaneous Account,Click to Unfollow math4feminists Bringing the gift of Math to the logically impaired since 2014.
🌐 Other Non-Mutual Accounts,SeeRacists,i Expose Violent Criminals,NO,Verified,General / Miscellaneous Account,"Click to Unfollow SeeRacists Exposing violent criminals, child predators & justice failures"
🌐 Other Non-Mutual Accounts,xAviation,Aviation,NO,Verified,General / Miscellaneous Account,Click to Unfollow xAviation Bringing your daily dose of Aviation!
🌐 Other Non-Mutual Accounts,Engineering67,Engineering Explained,NO,Verified,General / Miscellaneous Account,Click to Unfollow Engineering67 We want to make the world a better place by helping others to learn from all around the world. Content belongs to the respected owners. DM for Credit/Removal
🌐 Other Non-Mutual Accounts,dment37,Daniel Mentrard,NO,Regular,General / Miscellaneous Account,"Click to Unfollow dment37 Maths, Physics,visualisations, challenges , Geogebra Expert The more of you follow me, the more materials there will be....."
🌐 Other Non-Mutual Accounts,mechanical_4u,Mechanical Knowledge,NO,Verified,General / Miscellaneous Account,Click to Unfollow mechanical_4u Mechanical breakdowns | Daily engineering wisdom | Learn how machines really work every day .
🌐 Other Non-Mutual Accounts,FQXi,FQxI Physics,NO,Verified,General / Miscellaneous Account,"Click to Unfollow FQXi Exploring the foundations of physics & cosmology with Zeeya Merali & Gabe Fitzpatrick, of the Foundational Questions Institute, FQxI."
🌐 Other Non-Mutual Accounts,dnfiofkdn,SIFF #MensRightsAreHumanRights,NO,Verified,General / Miscellaneous Account,Click to Unfollow dnfiofkdn Retweet != endorsements. Views are personal. I am not responsible for any of my comments or messages & any comments received from someone on my tweets/retweets.
🌐 Other Non-Mutual Accounts,dirtman,Angus (dirtman),NO,Verified,General / Miscellaneous Account,Click to Unfollow dirtman 420.69x engineer. the future is stored in the balls. Founder + CEO Building industrial welding robots @amrwelding
🌐 Other Non-Mutual Accounts,AlexHormozi,Alex Hormozi,NO,Verified,General / Miscellaneous Account,"Click to Unfollow AlexHormozi Co-Founder: http://Acquisition.com, http://Skool.com. Business Owners: Get your 2026 free scaling roadmap"
🌐 Other Non-Mutual Accounts,Saganismm,Saganism,NO,Verified,General / Miscellaneous Account,Click to Unfollow Saganismm Science. Philosophy. The cosmic perspective.
🌐 Other Non-Mutual Accounts,Dea_rMen,Dear Men.,NO,Verified,General / Miscellaneous Account,Click to Unfollow Dea_rMen Building disciplined men. Earn your peak . DM for business .
🌐 Other Non-Mutual Accounts,Adam_FaithfulM,Adam | Faithful Messenger,NO,Verified,General / Miscellaneous Account,Click to Unfollow Adam_FaithfulM Conservative Christian | Jesus is King!   Support me here: http://buymeacoffee.com/AdamFaithfulMessenger… Business Inquiries: adam.faithfulmessenger@gmail.com
🌐 Other Non-Mutual Accounts,TheHumanoidHub,The Humanoid Hub,NO,Verified,General / Miscellaneous Account,"Click to Unfollow TheHumanoidHub Humanoid Robots: Tech, Business, and Social Dynamics.  Click the “𝕊𝕦𝕓𝕤𝕔𝕣𝕚𝕓𝕖” button on the profile to support.  Run by @dev_and_"
🌐 Other Non-Mutual Accounts,JesusSavesUs777,Christian Tweets,NO,Verified,General / Miscellaneous Account,Click to Unfollow JesusSavesUs777 We share Bible verses and Christian encouragement. Lists welcome. Jesus Christ is Lord! John 14:6
🌐 Other Non-Mutual Accounts,oliverburdick,Oliver Burdick,NO,Verified,General / Miscellaneous Account,Click to Unfollow oliverburdick Radical Christianity
🌐 Other Non-Mutual Accounts,AgainstAtheismX,Against Atheism,NO,Verified,General / Miscellaneous Account,Click to Unfollow AgainstAtheismX Devout Christian Crusader fighting against the scourge of atheism.
🌐 Other Non-Mutual Accounts,retainermethod,Retainer,NO,Verified,General / Miscellaneous Account,Click to Unfollow retainermethod Teaching you how to quit . Forever.
🌐 Other Non-Mutual Accounts,Save_A_Man,Save A Man,NO,Verified,General / Miscellaneous Account,Click to Unfollow Save_A_Man Coach. I help you grow and monetize X account to $10k+/mo using ZERO-GRAZING TECHNIQUE. Dm for 1-on-1 guidance. http://t.me/Save_A_Man1
🌐 Other Non-Mutual Accounts,Space_Station,International Space Station,NO,Verified,General / Miscellaneous Account,Click to Unfollow Space_Station NASA's page for the latest mission and science updates from the International Space Station.
🌐 Other Non-Mutual Accounts,NickJFuentes,Nicholas J. Fuentes,NO,Regular,General / Miscellaneous Account,Click to Unfollow NickJFuentes America First  • Christ is King
🌐 Other Non-Mutual Accounts,MattWalshBlog,Matt Walsh,NO,Verified,General / Miscellaneous Account,"Click to Unfollow MattWalshBlog Theocratic fascist, bestselling children’s author, world renowned DEI consultant"
🌐 Other Non-Mutual Accounts,IlirAliu_,Ilir Aliu,NO,Verified,General / Miscellaneous Account,Click to Unfollow IlirAliu_ Building @22Astronauts_ The studio for European Physical AI.  Writing Signal at http://22astronauts.com
🌐 Other Non-Mutual Accounts,Ambar_SIFF_MRA,Ambar,NO,Verified,General / Miscellaneous Account,Click to Unfollow Ambar_SIFF_MRA #MensRights | Exposing fake cases & gender hypocrisy | Accountability = True Equality | RTs ≠ endorsements
🌐 Other Non-Mutual Accounts,Rainmaker1973,Massimo,NO,Verified,General / Miscellaneous Account,"Click to Unfollow Rainmaker1973 Engineer. Selecting and curating pictures and videos trying to awaken your sense of wonder since 2014. Science, tech, art, weather, space, the unusual around us"
🌐 Other Non-Mutual Accounts,forallcurious,All day Astronomy,NO,Verified,General / Miscellaneous Account,Click to Unfollow forallcurious Astronomy Vibes
🌐 Other Non-Mutual Accounts,cutelovemood,You & I,NO,Verified,General / Miscellaneous Account,Click to Unfollow cutelovemood Love Gallery
🌐 Other Non-Mutual Accounts,Human_Optimise,The Optimal Man,NO,Verified,General / Miscellaneous Account,"Click to Unfollow Human_Optimise 5+ year no fap 10+ years training Helped 800+ men get leaner & stronger Dad of 2, love wife"
🌐 Other Non-Mutual Accounts,hayasaka_aryan,Kaguya’s Top Gal,NO,Verified,General / Miscellaneous Account,"Click to Unfollow hayasaka_aryan Hard hit by the times, that’s just how your life goes by"
🌐 Other Non-Mutual Accounts,SovereignIM,Illimitable Man (IM),NO,Verified,General / Miscellaneous Account,Click to Unfollow SovereignIM High Truth Preference. Servant of God. Curated.  At war with my limitations.
🌐 Other Non-Mutual Accounts,TheRich_Gospel,Dear God,NO,Verified,General / Miscellaneous Account,Click to Unfollow TheRich_Gospel 38 years old dad.
🌐 Other Non-Mutual Accounts,PhysicsToday,Physics Today,NO,Verified,General / Miscellaneous Account,Click to Unfollow PhysicsToday The world's most popular physics magazine.
🌐 Other Non-Mutual Accounts,wearegst,gst,NO,Verified,General / Miscellaneous Account,Click to Unfollow wearegst This is where the world's smartest Nigerians gather for meaningful info and convos. Get the gst.
🌐 Other Non-Mutual Accounts,elonmusk,Elon Musk,NO,Verified,General / Miscellaneous Account,Click to Unfollow elonmusk http://Terafab.AI
🌐 Other Non-Mutual Accounts,MorbidKnowledge,Morbid Knowledge,NO,Verified,General / Miscellaneous Account,Click to Unfollow MorbidKnowledge The Dark Side Of X
🌐 Other Non-Mutual Accounts,redditSpaceView,Space,NO,Verified,General / Miscellaneous Account,"Click to Unfollow redditSpaceView Welcome, this account is devoted to high-quality images of space, sharing quality astrophotography"
🌐 Other Non-Mutual Accounts,s8n,Satan,NO,Verified,General / Miscellaneous Account,Click to Unfollow s8n Would you like to make a deal?
🌐 Other Non-Mutual Accounts,bronzeagemantis,Bronze Age Pervert,NO,Verified,General / Miscellaneous Account,Click to Unfollow bronzeagemantis Aspiring Nudist Bodybuilder. Free speech and anti-xenoestrogen activist. Get my book! https://amazon.com/Bronze-Age-Mindset-Pervert/dp/1983090441/…
🌐 Other Non-Mutual Accounts,FischerKing64,FischerKing,NO,Verified,General / Miscellaneous Account,Click to Unfollow FischerKing64 Shall I at least set my lands in order...
🌐 Other Non-Mutual Accounts,JColeNC,J. Cole,NO,Verified,General / Miscellaneous Account,Click to Unfollow JColeNC The Fall-Off
🌐 Other Non-Mutual Accounts,europemaxxed,Mads,NO,Verified,General / Miscellaneous Account,"Click to Unfollow europemaxxed If I'm an advocate for anything, it's to move"
🌐 Other Non-Mutual Accounts,miiilato,Miilato,NO,Verified,General / Miscellaneous Account,"Click to Unfollow miiilato second account of: @litteralyme0, @miilatwoF1"
🌐 Other Non-Mutual Accounts,ExtremeBlitz__,duck,NO,Verified,General / Miscellaneous Account,Click to Unfollow ExtremeBlitz__ real - shawarma enthusiast
🌐 Other Non-Mutual Accounts,thesigmamindset,The Sigma Mindset,NO,Verified,General / Miscellaneous Account,Click to Unfollow thesigmamindset Get smart. | Get disciplined. | Get rich. | Helping you move towards a better future. | DM to grow your brand. |
🌐 Other Non-Mutual Accounts,itswords_,Words,NO,Verified,General / Miscellaneous Account,"Click to Unfollow itswords_ a safe space for soft souls.   writing threads, reminders, life advice and personal thoughts."
🌐 Other Non-Mutual Accounts,DailyClassicArt,Museum,NO,Regular,General / Miscellaneous Account,Click to Unfollow DailyClassicArt Sharing works of art created throughout history and the world.
🌐 Other Non-Mutual Accounts,LocalBateman,Your Typical Local Man,NO,Verified,General / Miscellaneous Account,Click to Unfollow LocalBateman If you want to ignite the fire just ignite yourself. alt @LocalBateman_
🌐 Other Non-Mutual Accounts,Larryjamieson_,Buyback Capital,NO,Verified,General / Miscellaneous Account,Click to Unfollow Larryjamieson_ Analysis of unusually good assets. Friday Sharpeners on YouTube: https://youtube.com/channel/UC9t-fFXoquhEuby3KaHrIxQ…
🌐 Other Non-Mutual Accounts,IncelsCo,Involuntary Celibate (Incels.is),NO,Verified,General / Miscellaneous Account,Click to Unfollow IncelsCo A community for men that lack romantic relationships despite trying.  Account run by the moderators.  Want to advertise? https://shorturl.at/r4W8A
🌐 Other Non-Mutual Accounts,internetarchive,Internet Archive,NO,Verified,General / Miscellaneous Account,"Click to Unfollow internetarchive Internet Archive is a non-profit research library preserving web pages, books, movies & audio for public access. Explore web history via the @waybackmachine."
🌐 Other Non-Mutual Accounts,ProfFeynman,Prof. Feynman,NO,Verified,General / Miscellaneous Account,"Click to Unfollow ProfFeynman A universe of atoms, an atom in the universe. Tribute to the great explainer. Tweets about Science and Wisdom. Portrait by L.V Patten."
🌐 Other Non-Mutual Accounts,BoringBiz_,Boring_Business,NO,Verified,General / Miscellaneous Account,Click to Unfollow BoringBiz_ Nobody asks about your external rate of return
🌐 Other Non-Mutual Accounts,readswithravi,Reads with Ravi,NO,Verified,General / Miscellaneous Account,"Click to Unfollow readswithravi “A little bit of DAILY READING goes long way.”   || Book Review, Lessons, Recomm, & Wisdom || Engineer  Solutions Architect - Data Storage"
🌐 Other Non-Mutual Accounts,Xhej__,Achilles,NO,Verified,General / Miscellaneous Account,Click to Unfollow Xhej__ Sensitive Young Man
🌐 Other Non-Mutual Accounts,BambuluQ,Bambulu,NO,Verified,General / Miscellaneous Account,Click to Unfollow BambuluQ 3 6 9 = God's Frequency @Bqmbulu
🌐 Other Non-Mutual Accounts,TodayinHistory,Today in History,NO,Verified,General / Miscellaneous Account,Click to Unfollow TodayinHistory Sharing events that happened today in the past   Join me in keeping history alive for everyone on X!
🌐 Other Non-Mutual Accounts,zackdfilms1,Zack D. Films,NO,Verified,General / Miscellaneous Account,Click to Unfollow zackdfilms1 A Collection of Things I Find Interesting (Zack D. Films’ Official Account)
🌐 Other Non-Mutual Accounts,PathOfMen_,Path of Men,NO,Verified,General / Miscellaneous Account,Click to Unfollow PathOfMen_ Helping you level up in life
🌐 Other Non-Mutual Accounts,UbermenschMind,Alexander 𖤓 Nietzschean Vitalist,NO,Verified,General / Miscellaneous Account,Click to Unfollow UbermenschMind Otium et Bellum 𓊝
🌐 Other Non-Mutual Accounts,artindetails,@artindetails,NO,Verified,General / Miscellaneous Account,Click to Unfollow artindetails — Dedicated to the seekers. ☾ @artindetaiIs
🌐 Other Non-Mutual Accounts,BambuluMen,Bambulu 2.0,NO,Verified,General / Miscellaneous Account,Click to Unfollow BambuluMen GNGSTR - @Bqmbulu
🌐 Other Non-Mutual Accounts,Dearme2_,Dear Self.,NO,Verified,General / Miscellaneous Account,Click to Unfollow Dearme2_ Follow this account and I’ll brainwash you into believing in yourself and knowing you can achieve anything.
🌐 Other Non-Mutual Accounts,TheDataHubX,The Data of Everything,NO,Verified,General / Miscellaneous Account,Click to Unfollow TheDataHubX DATA IS NOT BORING. || IT’S THE SECRET TO EVERYTHING. ||
🌐 Other Non-Mutual Accounts,Fithub360,Fithub,NO,Verified,General / Miscellaneous Account,Click to Unfollow Fithub360 All things health and fitness
🌐 Other Non-Mutual Accounts,toxichoodboys,Toxichoodboys,NO,Verified,General / Miscellaneous Account,Click to Unfollow toxichoodboys Join The Fam • | http://instagram.com/toxichoodboys | Toxic | eBooks + Merch
🌐 Other Non-Mutual Accounts,PhysInHistory,Physics In History,NO,Verified,General / Miscellaneous Account,Click to Unfollow PhysInHistory Photos from the history of physics | © with mentioned Archives. Shared for educational purposes. Einstein portrait © Ullsteinbild. Subscribe for curated papers.
🌐 Other Non-Mutual Accounts,LifeMathMoney,LifeMathMoney ₿ | Unapologetic Truths.,NO,Verified,General / Miscellaneous Account,Click to Unfollow LifeMathMoney Get Rich. Get Fit. Get Smarter. Learn what the schools won't teach you. | 90 Day Self-Improvement Program: http://gum.co/tough
🌐 Other Non-Mutual Accounts,MatrixMysteries,MatrixMysteries,NO,Verified,General / Miscellaneous Account,Click to Unfollow MatrixMysteries Stories shape reality — but who shapes the stories?  Questioning the Narrative | Unmasking MSM Bias | Exposing Deception |
🌐 Other Non-Mutual Accounts,litteralyme0,autist,NO,Verified,General / Miscellaneous Account,"Click to Unfollow litteralyme0 real second accs: @miiilato, @miilatwof1"
🌐 Other Non-Mutual Accounts,Powerofbooks3,power of books,NO,Verified,General / Miscellaneous Account,"Click to Unfollow Powerofbooks3 Non-Fiction Reader | Sharing book reviews, recommendations |"
🌐 Other Non-Mutual Accounts,MomsPostingLs,Just Posting Ls,NO,Verified,General / Miscellaneous Account,"Click to Unfollow MomsPostingLs Inbox open for Submissions, posting all types of Ls"
🌐 Other Non-Mutual Accounts,ItIsHoeMath,hoe_math = PsychoMath,NO,Verified,General / Miscellaneous Account,Click to Unfollow ItIsHoeMath HISTORY'S MANLIEST AND MOST TALENTED SEX GENIUS || HERO OF TRUTH || Explaining the roots of thought itself LINK
🌐 Other Non-Mutual Accounts,jerr_rrej,Jerr,NO,Verified,General / Miscellaneous Account,Click to Unfollow jerr_rrej Lies ratio truth. American. Writer for fatherless men. 11 published books. The Wall Speaks | http://amazon.com/dp/B08VRFY94V
🌐 Other Non-Mutual Accounts,Shadaya_Knight,𝑻𝒉𝒆 𝑺𝒂𝒍𝒕 𝑶𝒇 𝑻𝒉𝒆 𝑬𝒂𝒓𝒕𝒉,NO,Verified,General / Miscellaneous Account,Click to Unfollow Shadaya_Knight The Most Unapologetic Ignoramus {} Family Matters {} Part Time H4ter
🌐 Other Non-Mutual Accounts,realthoughtsfem,Female Thoughts,NO,Verified,General / Miscellaneous Account,Click to Unfollow realthoughtsfem The thoughts from female minds.
🌐 Other Non-Mutual Accounts,naval,Naval,NO,Verified,General / Miscellaneous Account,Click to Unfollow naval Incompressible
🌐 Other Non-Mutual Accounts,gOPwbi7qqtWeD9o,Mirai,NO,Verified,General / Miscellaneous Account,Click to Unfollow gOPwbi7qqtWeD9o
🌐 Other Non-Mutual Accounts,EgoDriv,E-go,NO,Verified,General / Miscellaneous Account,Click to Unfollow EgoDriv
🌐 Other Non-Mutual Accounts,Mach_Tactics,Corporate Machiavelli,NO,Verified,General / Miscellaneous Account,Click to Unfollow Mach_Tactics Learn About Human Psychology.
🌐 Other Non-Mutual Accounts,Pontifex,Pope Leo XIV,NO,Verified,General / Miscellaneous Account,"Click to Unfollow Pontifex Welcome to the official account of His Holiness, Pope Leo XIV."
🌐 Other Non-Mutual Accounts,Biblicalman,The Biblical Man,NO,Verified,General / Miscellaneous Account,"Click to Unfollow Biblicalman Bible guides. Plain text. Nothing added. Chapter and verse every time, so you can go check me. For the household that reads it for themselves."
🌐 Other Non-Mutual Accounts,everymovieplug,Every Movie Plug,NO,Verified,General / Miscellaneous Account,Click to Unfollow everymovieplug Let’s talk movies & TV shows    Hit our media tab for solid recommendations.   Every Movie Plug    Only on X  — not on other social platforms.
🌐 Other Non-Mutual Accounts,DearS_o_n,Dear Son.,NO,Verified,General / Miscellaneous Account,Click to Unfollow DearS_o_n A dad to 5 sons. I give actionable advice to young men on how to live their full potential. My full guide coming out soon!
🌐 Other Non-Mutual Accounts,paleochristcon,Andrew Wilson,NO,Verified,General / Miscellaneous Account,Click to Unfollow paleochristcon Paleocon. Bloodsports Debater. Christian. Husband. Father. Host of The Crucible.
🌐 Other Non-Mutual Accounts,firstladyship,NEFERTITI,NO,Verified,General / Miscellaneous Account,Click to Unfollow firstladyship ONLY BACK UP  @penisaweapon
🌐 Other Non-Mutual Accounts,engineers_feed,World of Engineering,NO,Verified,General / Miscellaneous Account,Click to Unfollow engineers_feed The most fun way to learn something new everyday.
🌐 Other Non-Mutual Accounts,stats_feed,World of Statistics,NO,Verified,General / Miscellaneous Account,"Click to Unfollow stats_feed There are three kinds of lies: lies, damned lies, and statistics. @Kalshi partner."
🏛️ Core Network & Institutions,Vireontech,Vireon technologies,NO,Regular,Core Designated Connection,"Click to Unfollow Vireontech More than just technology, it's intelligence"
🏛️ Core Network & Institutions,IkejaElectric,Ikeja Electric,NO,Verified,Core Designated Connection,"Click to Unfollow IkejaElectric Official account of Ikeja Electric Plc, Nigeria's largest Electricity Distribution Company. For complaints, please DM @ieserve or Call 02-017000250, 02012272940"
🏛️ Core Network & Institutions,pau_nigeria,Pan-Atlantic University,NO,Verified,Core Designated Connection,Click to Unfollow pau_nigeria Pan‑Atlantic University Unlocking Potential. Building Responsible Leaders. Nigeria’s excellence‑driven university for education and leadership.
"💻 Software, AI/ML, Coding & Data",classicman70483,Prosper Chukwuma,YES (Mutual),Regular,Software & Computing Niche,Click to Unfollow classicman70483 Recording my journey into Data Analysis | Data Analyst Incoming  Excel | Power  BI | SQL |     Learning to build in public
"💻 Software, AI/ML, Coding & Data",Eadwyne02,Adeyi-Samuel Edwin,YES (Mutual),Regular,Software & Computing Niche,Click to Unfollow Eadwyne02 God lover. Coding freak: Frontend web developer | cityzen for life| Mechanical Engineering graduate  https://eadwyne-profile-website.vercel.app
"💻 Software, AI/ML, Coding & Data",buildwithuche,Uchenna.Dev,YES (Mutual),Regular,Software & Computing Niche,Click to Unfollow buildwithuche software engineer
"💻 Software, AI/ML, Coding & Data",RIziogba25971,Ray,YES (Mutual),Regular,Software & Computing Niche,Click to Unfollow RIziogba25971 Software engineer | Building concurrent and payment focused systems
"💻 Software, AI/ML, Coding & Data",michvista09,Michelle,YES (Mutual),Regular,Software & Computing Niche,"Click to Unfollow michvista09 I build websites & apps that look good, feel smooth, and just work NextJs, React Native, Django & SvelteKit  Bringing ideas to life one step at a time   Med"
"💻 Software, AI/ML, Coding & Data",Danola07,Daniel,YES (Mutual),Regular,Software & Computing Niche,Click to Unfollow Danola07 Backend • @ChelseaFC
"💻 Software, AI/ML, Coding & Data",AkingbehinAyo,Akingbehin Ayomide,YES (Mutual),Regular,Software & Computing Niche,Click to Unfollow AkingbehinAyo Medical student |Aspiring Data Analyst
"💻 Software, AI/ML, Coding & Data",abujaipaul1,one ball,YES (Mutual),Regular,Software & Computing Niche,Click to Unfollow abujaipaul1 chels for life  | 30BG | Frontend Dev  love @tesla
"💻 Software, AI/ML, Coding & Data",vickyfxsa,VICTOR (PAKOBOI),YES (Mutual),Regular,Software & Computing Niche,"Click to Unfollow vickyfxsa GOD FIRST,  CFD trader, investor, web developer"
"💻 Software, AI/ML, Coding & Data",kateltcomma,Kate Lin-Thompson,YES (Mutual),Regular,Software & Computing Niche,"Click to Unfollow kateltcomma UX writer at CloudCore, comma enthusiast"
"💻 Software, AI/ML, Coding & Data",elmustyy_,EL Mustapha,YES (Mutual),Regular,Software & Computing Niche,Click to Unfollow elmustyy_ Backend development || SWE ||  vibe Algebra & Analysis .
"💻 Software, AI/ML, Coding & Data",Aabdul_HameedD,Waleeed,YES (Mutual),Regular,Software & Computing Niche,Click to Unfollow Aabdul_HameedD Data Analyst | SQL • Python • Excel • Power BI | Transforming data into clear insights for better decisions  | Bibliophilic  | Chess | Utd
"💻 Software, AI/ML, Coding & Data",koladeafolabi20,Kolade Afolabi,YES (Mutual),Verified,Software & Computing Niche,Click to Unfollow koladeafolabi20 Healthtech Founder | Software Engineer | Researcher (Macroeconomics & Technology) | Financial Analyst
"💻 Software, AI/ML, Coding & Data",Zeez_IV,ZEEZ,YES (Mutual),Regular,Software & Computing Niche,Click to Unfollow Zeez_IV $1M|| el octavo rey de españa|| mobile developer/reactJS
"💻 Software, AI/ML, Coding & Data",MKingssAI,MKINGS.AI,YES (Mutual),Verified,Software & Computing Niche,Click to Unfollow MKingssAI AI Engineer & Data Scientist | Building AI solutions that solve real-world problems
"💻 Software, AI/ML, Coding & Data",Dr_ozeal,Dr ₒzₑₐᄂ.| DevOps,YES (Mutual),Regular,Software & Computing Niche,"Click to Unfollow Dr_ozeal Founder of Akpu4All, Software Engineer, Arsenal fan, OSHA (UK) , DevOps, Engineer @Ziptechlimited.com, intern @clooveai.com©2026"
"💻 Software, AI/ML, Coding & Data",DanielIreje,Pathfinder,YES (Mutual),Regular,Software & Computing Niche,Click to Unfollow DanielIreje Full Stack Data Analyst | Accounting Student | I love God | Open for gigs and collabs | Turning Data into Clear Business Insights  | #Chelsea
"💻 Software, AI/ML, Coding & Data",Imma_Amaka,Imma,YES (Mutual),Verified,Software & Computing Niche,Click to Unfollow Imma_Amaka Proud wicked Igbo girl|| RN  || Data Analyst  || God's Favorite || 30BG  || World champions || Equals mod || Anime Lover || 01-04-2025
"💻 Software, AI/ML, Coding & Data",ayanfetiana,Cindertech,YES (Mutual),Regular,Software & Computing Niche,Click to Unfollow ayanfetiana Harvard ALP’25 / AI-based Algorithms/ JavaDeveloper / Officially A Chelsea Baby
"💻 Software, AI/ML, Coding & Data",ArinoLeonard,Leo_officiall,YES (Mutual),Regular,Software & Computing Niche,Click to Unfollow ArinoLeonard Growth + Marketing || Web Design & Developer || Branding || Trusted plug for Quality Cars  Luxury Cars.   Enquiries
"💻 Software, AI/ML, Coding & Data",CodeEdison,Edison,YES (Mutual),Verified,Software & Computing Niche,Click to Unfollow CodeEdison Front end developer | HTML5 | CSS | JavaScript  | Tailwindcss | React | Typescript
"💻 Software, AI/ML, Coding & Data",divaagurlxw,diva,NO,Verified,Software & Computing Niche,Click to Unfollow divaagurlxw maths • engineer • aiml • software
"💻 Software, AI/ML, Coding & Data",UnkleAyo,S.A.L.A.K.O,NO,Verified,Software & Computing Niche,"Click to Unfollow UnkleAyo |Web² Retired DevOps Kingpin  |Web³ Cr¥ptõ & DevRel |Oncology Researcher (Ph.D 1 & 2 In-View), Gliomas  |Digital Nomad (28/195)  |A Stoic-Outlaw"
"💻 Software, AI/ML, Coding & Data",jomatech,Joma Tech,NO,Verified,Software & Computing Niche,"Click to Unfollow jomatech I'm Building an App to make $10,000/month and I'm Recording the whole thing"
"💻 Software, AI/ML, Coding & Data",karpathy,Andrej Karpathy,NO,Verified,Software & Computing Niche,Click to Unfollow karpathy deep learning
"💻 Software, AI/ML, Coding & Data",satyanadella,Satya Nadella,NO,Verified,Software & Computing Niche,Click to Unfollow satyanadella Chairman and CEO at Microsoft
"💻 Software, AI/ML, Coding & Data",nvidia,NVIDIA,NO,Verified,Software & Computing Niche,Click to Unfollow nvidia The official handle for NVIDIA. Blog: https://blogs.nvidia.com Support: http://nvda.ws/2ei5pio All our social media: http://nvda.ws/2wmlfGB
"💻 Software, AI/ML, Coding & Data",TheAmenReigns,Chibuenyi (Retribution),NO,Verified,Software & Computing Niche,"Click to Unfollow TheAmenReigns Son of Adonai RETRIBUTION. Connoisseur, Developer, MSc Finance. 237 IQ. CEO EHN. @heritagenewsnet. Christ is forever."
"💻 Software, AI/ML, Coding & Data",BasedBiohacker,BasedBiohacker,NO,Verified,Software & Computing Niche,"Click to Unfollow BasedBiohacker cognitive enhancement biologist. performance maximalist. longevity strategic. focused on RESULTS. my full stacks, vendors & everything"
"💻 Software, AI/ML, Coding & Data",freeCodeCamp,freeCodeCamp.org,NO,Verified,Software & Computing Niche,Click to Unfollow freeCodeCamp We're a community of millions of people who are building new skills and getting new jobs together. A 501(c)(3) public charity. Tweets by @abbeyrenn.
"💻 Software, AI/ML, Coding & Data",GoogleDeepMind,Google DeepMind,NO,Verified,Software & Computing Niche,Click to Unfollow GoogleDeepMind The engine room of @Google. Building AI safely and responsibly to solve the world’s most complex problems. Join us: https://deepmind.google/careers/
"💻 Software, AI/ML, Coding & Data",threejs,Three.js,NO,Verified,Software & Computing Niche,Click to Unfollow threejs Making 3D easier since 2010. Made something? DM us the post and we might RT it
"💻 Software, AI/ML, Coding & Data",quantscience_,Quant Science,NO,Verified,Software & Computing Niche,"Click to Unfollow quantscience_ Develop profitable trading strategies, build a systematic trading process, and trade your ideas with Python—even if you’ve never done it before."
"💻 Software, AI/ML, Coding & Data",MIT,Massachusetts Institute of Technology (MIT),NO,Verified,Software & Computing Niche,Click to Unfollow MIT The Massachusetts Institute of Technology is a world leader in research and education. Related accounts: @MITevents @MITstudents @MIT_alumni
"💻 Software, AI/ML, Coding & Data",asimovinc,Asimov,NO,Verified,Software & Computing Niche,Click to Unfollow asimovinc Asimov is the most developer-friendly robot by @menloresearch. Order: https://menlo.ai/asimov-1
"📈 Stocks, Crypto, Trading & Finance",Emperor__Jay,𝕵𝖆𝖄 𝕭,YES (Mutual),Regular,Financial & Investment Niche,Click to Unfollow Emperor__Jay The Play maker      x  x                                               #Tech #crypto #music #sport #chelseaFc
"📈 Stocks, Crypto, Trading & Finance",Andrewfeli1566,Victor Andrew,YES (Mutual),Regular,Financial & Investment Niche,Click to Unfollow Andrewfeli1566 Law Student || Prospective Investment Banker|| Equity Investor || Teachable || Financially Inclined || Commercially Aware
"📈 Stocks, Crypto, Trading & Finance",nigeeriann,idfwsm,YES (Mutual),Verified,Financial & Investment Niche,Click to Unfollow nigeeriann ngx—|| irreligious || Agnostic.
"📈 Stocks, Crypto, Trading & Finance",peteradewale02,Peter Ogundiran,YES (Mutual),Verified,Financial & Investment Niche,Click to Unfollow peteradewale02 Saved by Grace | Civil Engineer | KDP publisher l stock investor l http://livingwordmedia.org
"📈 Stocks, Crypto, Trading & Finance",Chimnonsovictor,Chimnonso,YES (Mutual),Regular,Financial & Investment Niche,Click to Unfollow Chimnonsovictor My Auto Store @j_victor_autos | I invested in the #NGX at 17yrs | Stock Trader| I'm Just A Teen Navigating His Life Before His Twenties|
"📈 Stocks, Crypto, Trading & Finance",toyoeton,Ty,YES (Mutual),Verified,Financial & Investment Niche,Click to Unfollow toyoeton Autodidact. Solflare Guardian|| solana enjoyoor and dev.
"📈 Stocks, Crypto, Trading & Finance",a_asuraj,DEEP THINKER,YES (Mutual),Regular,Financial & Investment Niche,Click to Unfollow a_asuraj Stock Market & Financial Investment Enthusiasts Geo-Political Observer And Industrial Engineer
"📈 Stocks, Crypto, Trading & Finance",Temmyyyyyyy,temmy,YES (Mutual),Regular,Financial & Investment Niche,Click to Unfollow Temmyyyyyyy A 26 YEAR OLD AGGRESSIVE INVESTOR!
"📈 Stocks, Crypto, Trading & Finance",dannygospel01,dannygospel_official,YES (Mutual),Regular,Financial & Investment Niche,Click to Unfollow dannygospel01 Banker |BSc Finance |MSc Finance |Financial Analyst | Financial Trader
"📈 Stocks, Crypto, Trading & Finance",90hnny,Johnny!,YES (Mutual),Regular,Financial & Investment Niche,Click to Unfollow 90hnny building a career in finance IB/PE Eternal student committed to growth
"📈 Stocks, Crypto, Trading & Finance",TechboyAro,AROOLAMBOO,YES (Mutual),Regular,Financial & Investment Niche,Click to Unfollow TechboyAro Techpreneur + Personal Finance | Life Contributor | building with @quiktishq
"📈 Stocks, Crypto, Trading & Finance",NuraynAde,ABIODUN,YES (Mutual),Regular,Financial & Investment Niche,Click to Unfollow NuraynAde INVESTING IN NGX STOCK I TRADER I ISLAM  I CHELSEA FC  DUBIA GOLD SELLER
"📈 Stocks, Crypto, Trading & Finance",tayolanipekun04,Tayo ttw,YES (Mutual),Regular,Financial & Investment Niche,Click to Unfollow tayolanipekun04 KCOB 2k22 set A student investor 6'5 Basketballer
"📈 Stocks, Crypto, Trading & Finance",KINGCHUKWUKAMSO,APEXCAPITA_L,YES (Mutual),Regular,Financial & Investment Niche,Click to Unfollow KINGCHUKWUKAMSO TRADER//BUSINESS MAN// URGE TO MAKE AND KEEP MONEY .  click the link for mentorship
"📈 Stocks, Crypto, Trading & Finance",RoyalzOL,RoyalzOne,YES (Mutual),Regular,Financial & Investment Niche,"Click to Unfollow RoyalzOL Charting stocks & crypto. No signals, no VIP groups. Just documenting my own market journey and trading my own setups."
"📈 Stocks, Crypto, Trading & Finance",TheirDaddies,Their Daddy,YES (Mutual),Regular,Financial & Investment Niche,Click to Unfollow TheirDaddies Barcelona Supporter  and Stocks investor (US and NGX). A strong dividend lover.
"📈 Stocks, Crypto, Trading & Finance",vince_koi,Vince Koi,YES (Mutual),Verified,Financial & Investment Niche,Click to Unfollow vince_koi Finance Investor & Nigeria Stock Market Enthusiast | Day to Day Naija Chitchat | Poet
"📈 Stocks, Crypto, Trading & Finance",CruiseOsimma,Man_of_ the_People,YES (Mutual),Verified,Financial & Investment Niche,Click to Unfollow CruiseOsimma Cruise and Serious minded || Crypto Lover || Abuja Interior Decorator || Civil engineer ||  Manchester United || Bass player ||
"📈 Stocks, Crypto, Trading & Finance",favour93373,Blessed Jonathan,YES (Mutual),Regular,Financial & Investment Niche,Click to Unfollow favour93373 Learning about the Stock market
"📈 Stocks, Crypto, Trading & Finance",HenryNweze,Uncle HON,YES (Mutual),Regular,Financial & Investment Niche,"Click to Unfollow HenryNweze Growing Entrepreneur, Stock Investment Educator, Writer, Teaching and Learning about Finance, Business, and Wealth, Medic(MLS)"
"📈 Stocks, Crypto, Trading & Finance",TopMovieSe78979,Mr Me,YES (Mutual),Regular,Financial & Investment Niche,Click to Unfollow TopMovieSe78979 Crypto enthusiast and Tech advocate
"📈 Stocks, Crypto, Trading & Finance",KingDeuices,Coreade39.,YES (Mutual),Regular,Financial & Investment Niche,"Click to Unfollow KingDeuices 2Birds1Stone.  Minister of Agriculture.  An Entomologist, Fish farmer, Agriculturist & Trader.  RED DEVIL FL."
"📈 Stocks, Crypto, Trading & Finance",BLivelyf,bilLs_,YES (Mutual),Regular,Financial & Investment Niche,Click to Unfollow BLivelyf |Finance|@FCBayern|Financial Trader Enthusiast| |Something needs to inspire you |1 Thessalonians 5:18|Grace |
"📈 Stocks, Crypto, Trading & Finance",maziNdu4Real,Mazi Ndu,YES (Mutual),Verified,Financial & Investment Niche,Click to Unfollow maziNdu4Real Presidential ~ Mazi Ndu ~ Investor
"📈 Stocks, Crypto, Trading & Finance",Eyitemi1511,Damilola,YES (Mutual),Regular,Financial & Investment Niche,Click to Unfollow Eyitemi1511 Unilag Almumni || Publication Marketing ||  QHSES Alumni || Value Investor on the NGX
"📈 Stocks, Crypto, Trading & Finance",its_Teee_jay,Trust,YES (Mutual),Verified,Financial & Investment Niche,Click to Unfollow its_Teee_jay Finance Bro || Consultant || Man United
"📈 Stocks, Crypto, Trading & Finance",MrAnosike,K E N E C H U K W U,YES (Mutual),Regular,Financial & Investment Niche,Click to Unfollow MrAnosike { | Nwa afo Igbo “Never Again.”|  lover | Entrepreneur | NGX |  by  advocate | Stock Market | } Found new passion in Finance.
"📈 Stocks, Crypto, Trading & Finance",am_bassadorii,ambassador#,YES (Mutual),Regular,Financial & Investment Niche,Click to Unfollow am_bassadorii A successful risk taker  A trader
"📈 Stocks, Crypto, Trading & Finance",ThatJuDaH,Judah MD,YES (Mutual),Verified,Financial & Investment Niche,"Click to Unfollow ThatJuDaH Equity Investor || Medical Doctor || Arsenal Fan  I talk about investing and personal finance  Not financial advice, DYOR  DM for inquiry"
"📈 Stocks, Crypto, Trading & Finance",BSodiq90110,Bello Empire™,YES (Mutual),Regular,Financial & Investment Niche,Click to Unfollow BSodiq90110 Entrepreneur | Scale Advisor | Ecom Consultant | Marketing Specialist | Helping businesses convert leads into loyal customers
"📈 Stocks, Crypto, Trading & Finance",Noni_Ur_Guy,NoniVerse,YES (Mutual),Regular,Financial & Investment Niche,Click to Unfollow Noni_Ur_Guy Building wealth through smart investing & entrepreneurship  | Founder and CEO OG Group
"📈 Stocks, Crypto, Trading & Finance",FirstViewCap,Victor,YES (Mutual),Verified,Financial & Investment Niche,"Click to Unfollow FirstViewCap Analyzing businesses shaping the future, Not just  Tickers   Focused on long-term wealth creation"
"📈 Stocks, Crypto, Trading & Finance",naijahustlerr,NaijaHustler SKB,YES (Mutual),Verified,Financial & Investment Niche,Click to Unfollow naijahustlerr Seasoned Business Man. Investor in lots of things    #NGX. #stockmarket. #investment.  Risk appetite  #GodsBaby #SKB   Cash Cow @skboflagos
"📈 Stocks, Crypto, Trading & Finance",gentlemanway007,Gentleman Investor,YES (Mutual),Verified,Financial & Investment Niche,"Click to Unfollow gentlemanway007 I talk about money, politics, marriage, and the habits that shape you into a better person. If you think following me is doing me a favor, think again."
"📈 Stocks, Crypto, Trading & Finance",compoundinnaira,Compounding Naira,YES (Mutual),Verified,Financial & Investment Niche,Click to Unfollow compoundinnaira Investing in Nigeria Stock Exchange for daily/weekly/monthly income. Started from kobo kobo and going to millions
"📈 Stocks, Crypto, Trading & Finance",richestflexx,Favour,YES (Mutual),Regular,Financial & Investment Niche,"Click to Unfollow richestflexx God first | Just starting my investment journey, learning from scratch while sharing  mistakes and  progress. Let's grow together|  Young Investor | GGMU"
"📈 Stocks, Crypto, Trading & Finance",Chimex_eth,Chimezie Alaneme,YES (Mutual),Regular,Financial & Investment Niche,Click to Unfollow Chimex_eth Confidence Is Very High | Forex / Crypto Trader | Technical Analysis
"📈 Stocks, Crypto, Trading & Finance",DaloneTrader,𝓔𝓷𝓲𝓽𝓪𝓷,YES (Mutual),Regular,Financial & Investment Niche,Click to Unfollow DaloneTrader Nurse  | Digital Entrepreneur |Affiliate Marketer | Helping people earn online through task-based opportunities.
"📈 Stocks, Crypto, Trading & Finance",bigdestineeszn,Destinee †,YES (Mutual),Regular,Financial & Investment Niche,Click to Unfollow bigdestineeszn Forex  ▪︎ Herbs  ▪︎ Relatable tweets
"📈 Stocks, Crypto, Trading & Finance",jideflash,Jide Flash,YES (Mutual),Regular,Financial & Investment Niche,Click to Unfollow jideflash Equity Investor   Learn • Plan • Act  Building wealth while I sleep @flashportfolios Co-founder: @palletlagos | @cardiaccomm
"📈 Stocks, Crypto, Trading & Finance",The_Great_JiRI,O.P. JiRI,YES (Mutual),Verified,Financial & Investment Niche,"Click to Unfollow The_Great_JiRI Ghostwriting finance content for founders, investors, & financial brands. Posts, articles, newsletters, guides, & books. AI-assisted writing prompts below."
"📈 Stocks, Crypto, Trading & Finance",Baruch_Bashan,Stephen Nwachukwu,YES (Mutual),Verified,Financial & Investment Niche,Click to Unfollow Baruch_Bashan Humanity•Videos Commentary• Relationships•Modern Culture• Family•Hearts•Minds•Realist•Forgiveness Coach•Peace•Growth•Spirit•Crypto Enthusiast•Entrepreneur
"📈 Stocks, Crypto, Trading & Finance",crypto_moondog,Tuga Bronze,YES (Mutual),Regular,Financial & Investment Niche,Click to Unfollow crypto_moondog Just a chill guy. Marine Engineer. Crypto    dm for notis
"📈 Stocks, Crypto, Trading & Finance",MrPrezident_otp,Ekemena Prince Clever,YES (Mutual),Verified,Financial & Investment Niche,Click to Unfollow MrPrezident_otp Call Me “Mr President” My Hobby is “Crossing International Borders” Diplomatic by all Sense. Creating Jobs Through Digital Marketing. Founder @7fdcof
"📈 Stocks, Crypto, Trading & Finance",3rader_emerald,𝐄𝐌𝐄𝐑𝐋𝐃,YES (Mutual),Regular,Financial & Investment Niche,Click to Unfollow 3rader_emerald Macro Trader || Fundamentals || Swing || founder @fxtrading_camp || Road To Top 1% || All in a quest for the creative man’s treasure || London is blue
"📈 Stocks, Crypto, Trading & Finance",kenkenlewu,Ebun,YES (Mutual),Verified,Financial & Investment Niche,Click to Unfollow kenkenlewu Business & Finance Tips | Personal Growth Insights | Anonymous Storyteller | Got a story? DM me.
"📈 Stocks, Crypto, Trading & Finance",biggcole_,₿IGG COLE  ,YES (Mutual),Verified,Financial & Investment Niche,"Click to Unfollow biggcole_ death to the flesh ♰ | mentor #JESUS!!! Romans 8:18 | 'Day Trader, you earn what you study!"
"📈 Stocks, Crypto, Trading & Finance",Fromthe234_,Genie,YES (Mutual),Regular,Financial & Investment Niche,"Click to Unfollow Fromthe234_ Dearly beloved, welcome • Tech & crypto IRL • Motivation & memes • RED DEVILS  • I don’t grant wishes but turn on post notifications if you fwm  •"
"📈 Stocks, Crypto, Trading & Finance",philegendd,Leonard Blark (Gold Tick),YES (Mutual),Regular,Financial & Investment Niche,"Click to Unfollow philegendd Uncle.Trader(FX/Crypto/Phone Accessories)Oil and Gas.Prostitution. Fabricator. I write,and will one day become a Computer Scientist/Theorectical physicist."
"📈 Stocks, Crypto, Trading & Finance",AbsorB09ss,AbsorB,YES (Mutual),Regular,Financial & Investment Niche,Click to Unfollow AbsorB09ss Put God First.  WEB3  | Memecoin Trader Market Structure • Risk • Execution Building an edge. Everything I tweet has meaning. Gunna & Burna Boy
"📈 Stocks, Crypto, Trading & Finance",icecube_fx,Annu_icecube,YES (Mutual),Regular,Financial & Investment Niche,Click to Unfollow icecube_fx Forex Trader | MSNR Strategist |  Mastering charts & market structure | Open to collabs & partnerships | Living the grind partner @bitfunded Trader
"📈 Stocks, Crypto, Trading & Finance",ViralwaveN,Williamson,YES (Mutual),Regular,Financial & Investment Niche,"Click to Unfollow ViralwaveN Web3 | Crypto Communities | Discord   Learning, contributing & connecting."
"📈 Stocks, Crypto, Trading & Finance",Rockit015,Rock it,YES (Mutual),Verified,Financial & Investment Niche,"Click to Unfollow Rockit015 lit geng , Hair stylist, Marketing student,your clothing plug for fast response DM : https://wa.me/+2348079010628, unilorite Above all normal’s boring"
"📈 Stocks, Crypto, Trading & Finance",bhadboy_Andre2,,YES (Mutual),Regular,Financial & Investment Niche,Click to Unfollow bhadboy_Andre2 Classic Narcissist| crypto boy
"📈 Stocks, Crypto, Trading & Finance",BlackMambaMilli,Black Mamba Millionaire,NO,Verified,Financial & Investment Niche,Click to Unfollow BlackMambaMilli 28 | Trying to become a Millionaire by my 30s | Bitcoin & Stocks | Father and Husband |         From shrimp  to whale  ₿ ₿ ₿ ₿ ₿ ₿ ₿ ₿ ₿ ₿ ₿ ₿ ₿ ₿ ₿ ₿ ₿ ₿
"📈 Stocks, Crypto, Trading & Finance",stockbubblesNG,StockBubbles Updates x HISA,NO,Verified,Financial & Investment Niche,Click to Unfollow stockbubblesNG Real-time NGX market intelligence | Equities • ETFs • Fixed Income... Live intraday commentary & market recap Built for active Nigerian investors
"📈 Stocks, Crypto, Trading & Finance",ejekanonu,Benjamin Chukwudum,NO,Verified,Financial & Investment Niche,"Click to Unfollow ejekanonu Physiotherapist | Technical Analyst | Chartist | Analyse & Invest in Nigeria Equity (Stock), Money Market & T/Bills | Volume, Dividend & Compounding Advocate."
"📈 Stocks, Crypto, Trading & Finance",stockyvest,Stockyvest,NO,Verified,Financial & Investment Niche,"Click to Unfollow stockyvest Stockyvest makes understanding NGX stocks easy. We break them down into clear grades for liquidity, dividend consistency, and financial health saving you time."
"📈 Stocks, Crypto, Trading & Finance",Rufyb,Rufybaba,NO,Verified,Financial & Investment Niche,Click to Unfollow Rufyb Investment Management | Economics | Finance | Strategy |   Tweet Catalogue — See the Highlights Tab
"📈 Stocks, Crypto, Trading & Finance",StockmanNigeria,Stockman,NO,Verified,Financial & Investment Niche,Click to Unfollow StockmanNigeria Independent Stock Market Analysis And Investor Relations Services in Nigeria. We guide investors against poor investment decisions.
"📈 Stocks, Crypto, Trading & Finance",ahmaddeenaja,Abdulbaqi Ahmad Muhammad,NO,Verified,Financial & Investment Niche,"Click to Unfollow ahmaddeenaja Helping beginner master the stock market | Daily charts & breakdowns | MSc Data Science @ AUN, Yola| Crypto Enthusiasm| I'll teach you how to grow ur X Account"
"📈 Stocks, Crypto, Trading & Finance",the_goodfemi,FéMi | NGX BUFF,NO,Verified,Financial & Investment Niche,Click to Unfollow the_goodfemi NGX Buff |​Breaking down NGX with relatable stories & memes | Value plays | simple market analysis | #NFA! ​ Building @pentarchasset.  talk2ofemi@gmail.com
"📈 Stocks, Crypto, Trading & Finance",21xooaes,ooaes,NO,Verified,Financial & Investment Niche,"Click to Unfollow 21xooaes Finance and Investments, AI enthusiasts"
"📈 Stocks, Crypto, Trading & Finance",NoLimitGains,NoLimit,NO,Verified,Financial & Investment Niche,Click to Unfollow NoLimitGains Value investor | 10+ years of finding undervalued stocks | Founder & CEO @InTheAssembly
"📈 Stocks, Crypto, Trading & Finance",Create_Profit,Create Profit,NO,Verified,Financial & Investment Niche,"Click to Unfollow Create_Profit Quantitative investor, entrepreneur, and collegiate athlete."
"📈 Stocks, Crypto, Trading & Finance",unusual_whales,unusual_whales,NO,Verified,Financial & Investment Niche,"Click to Unfollow unusual_whales Market news, trading tools Real-time option flow, screeners, GEX Custom alerts and more.   API Free trial: https://bit.ly/4vOqzKA Discord: http://bit.ly/3Bf2pNJ  NFA"
"📈 Stocks, Crypto, Trading & Finance",amitisinvesting,amit,NO,Verified,Financial & Investment Niche,"Click to Unfollow amitisinvesting breaking down tech, business, & stocks $PLTR"
"📈 Stocks, Crypto, Trading & Finance",tradertheory,Trader Theory,NO,Verified,Financial & Investment Niche,Click to Unfollow tradertheory How smart money actually moves.
"📈 Stocks, Crypto, Trading & Finance",richtosho,Tosho,NO,Verified,Financial & Investment Niche,"Click to Unfollow richtosho Google Certified Educator, Digital Project x Marketing and Growth Manager. Personal Finance egghead. Open to work"
"📈 Stocks, Crypto, Trading & Finance",Officially_Kriz,Tuchel,NO,Verified,Financial & Investment Niche,Click to Unfollow Officially_Kriz I tweet music and finance. No.1 Fireboy DML fan.   tuchkriz@yahoo.com.
"📈 Stocks, Crypto, Trading & Finance",SawyerMerritt,Sawyer Merritt,NO,Verified,Financial & Investment Niche,"Click to Unfollow SawyerMerritt EVs/space/tech. Bringing you the latest news in a single, easy-to-read feed. $TSLA & $SPCX investor, Model Y owner."
"📈 Stocks, Crypto, Trading & Finance",guideforman,Empire Mindset | Wealth Architect,NO,Verified,Financial & Investment Niche,"Click to Unfollow guideforman Business, Finance, Smart Money Moves & Mindset."
"📈 Stocks, Crypto, Trading & Finance",patientinvestor,Patient Investor,NO,Verified,Financial & Investment Niche,"Click to Unfollow patientinvestor Mr Market makes mistakes all the time and I'm here to take advantage of them.  Early $HOOD, $MAMA, $OUST, $HIMS  investor"
"📈 Stocks, Crypto, Trading & Finance",FinanceJack44,Finance Jack,NO,Verified,Financial & Investment Niche,Click to Unfollow FinanceJack44 Sharing my thoughts/research on any stocks I feel particularly interested in.
"📈 Stocks, Crypto, Trading & Finance",alexeixbt,alexei,NO,Verified,Financial & Investment Niche,Click to Unfollow alexeixbt just a person interested in everything @markets_xyz
"📈 Stocks, Crypto, Trading & Finance",RebellioMarket,Market Rebellion,NO,Verified,Financial & Investment Niche,"Click to Unfollow RebellioMarket Empowering Traders in Stocks, AI & Blockchain."
"📈 Stocks, Crypto, Trading & Finance",yinkarianstocks,Asalu Adegboyega Yinka,NO,Verified,Financial & Investment Niche,Click to Unfollow yinkarianstocks Experienced Stock Trader | Investment Educator & Consultant | Strategic Leader
"📈 Stocks, Crypto, Trading & Finance",iyekefejiymg,Feji Iyeke YMG,NO,Verified,Financial & Investment Niche,Click to Unfollow iyekefejiymg I don’t sell dreams. I teach real people how to build wealth slowly & sustainably.  NGX 101 | Mentorships | Astra Fidelis. Tweets ≠ financial advice.
"📈 Stocks, Crypto, Trading & Finance",ngnstx,Nigerian Stocks on Bamboo,NO,Verified,Financial & Investment Niche,Click to Unfollow ngnstx For GenZs stashing on the Nigerian Stock Exchange and foreign markets. Crisp media content through the week. Not affiliated with Nigerian Stock Exchange.
"📈 Stocks, Crypto, Trading & Finance",wealthcoachomi,Wealth Coach Omiete,NO,Verified,Financial & Investment Niche,"Click to Unfollow wealthcoachomi 𝔽𝕠𝕦𝕟𝕕𝕖𝕣 Net Worth Investors Club,   𝔼𝕩-𝔹𝕒𝕟𝕜𝕖𝕣𝕀𝕟𝕧𝕖𝕤𝕥𝕞𝕖𝕟𝕥 & 𝔽𝕚𝕟𝕒𝕟𝕔𝕚𝕒𝕝 ℂ𝕠𝕒𝕔𝕙 𝕊𝕡𝕖𝕒𝕜𝕖𝕣"
"📈 Stocks, Crypto, Trading & Finance",TNIPodcaster,The Nigerian Investor Podcast,NO,Verified,Financial & Investment Niche,Click to Unfollow TNIPodcaster Empowering retail investors with education & insights on the Nigerian market.  Hosted by @MudiTheInvestor & @AyeTheAnalyst
"📈 Stocks, Crypto, Trading & Finance",Nairametrics,Nairametrics,NO,Verified,Financial & Investment Niche,Click to Unfollow Nairametrics Business News | Stock Market | Money Market | Cryptos | Financial Literacy | SME | YouTube shows  https://youtu.be/4uAtuf4ntGg?si=ztQTgl_PcTouvA4H…
"📈 Stocks, Crypto, Trading & Finance",Kalshi,Kalshi,NO,Verified,Financial & Investment Niche,Click to Unfollow Kalshi Trade what's next.
"📈 Stocks, Crypto, Trading & Finance",HypergamyOnSol,Hypergamy,NO,Verified,Financial & Investment Niche,Click to Unfollow HypergamyOnSol Hypergamy is destroying modern dating markets.
"📈 Stocks, Crypto, Trading & Finance",ManOfFocus_,Malvin,NO,Verified,Financial & Investment Niche,Click to Unfollow ManOfFocus_ Building legacy wealth for modern men. Master yourself. Build your edge. Own digital assets.
"📈 Stocks, Crypto, Trading & Finance",WealthWithPro,Wealth With Prosperity,NO,Verified,Financial & Investment Niche,Click to Unfollow WealthWithPro Not financial advice. I share my personal investing journey | NGX investor | New YouTube videos every Monday | Get my ebook   http://selar.com/g75c9759h5
"📈 Stocks, Crypto, Trading & Finance",investbamboo,Bamboo,NO,Verified,Financial & Investment Niche,"Click to Unfollow investbamboo Helping you invest the right way so you can live the life of your dreams| Bamboo is registered by SEC, Nigeria | Bamboo does not provide investment advice"
"📈 Stocks, Crypto, Trading & Finance",fastadopter,tech bro,NO,Verified,Financial & Investment Niche,Click to Unfollow fastadopter AI Optimist | Tech Founder | Startups and VC | Finance | AGI 2028 | In love with LLMs | Adapt or Die | Sleeps with a GPU @ Night.
"📈 Stocks, Crypto, Trading & Finance",1980Finance,1980’s Finance,NO,Verified,Financial & Investment Niche,Click to Unfollow 1980Finance The Golden Era of Finance.
"📈 Stocks, Crypto, Trading & Finance",edgaralandough,CooperBaggs,NO,Verified,Financial & Investment Niche,"Click to Unfollow edgaralandough Stock trader since 2015 | God, Family, Health, Money | DoughBoyz| Divine Degen | Peptide/Health coach |hit MY DM’s for the stock discord."
"📈 Stocks, Crypto, Trading & Finance",thecapitalistt0,Wealth,NO,Verified,Financial & Investment Niche,Click to Unfollow thecapitalistt0 The aesthetics of money
"📈 Stocks, Crypto, Trading & Finance",AutismCapital,Autism Capital,NO,Verified,Financial & Investment Niche,"Click to Unfollow AutismCapital Citizen journalism with a humorous flair. Following Fintech, Crypto, AI, Longevity, Politics, Memes, and whatever the current thing is."
"📰 News, Politics & Public Figures",deepinsights_NG,Unbranded,YES (Mutual),Verified,Political / Media Account,"Click to Unfollow deepinsights_NG Speaking truth to power with deep insights on policy and governance. The truth will set you free, but first it will piss you off."
"📰 News, Politics & Public Figures",aynikeoni188072,tolani⁷,YES (Mutual),Regular,Political / Media Account,"Click to Unfollow aynikeoni188072 army, novels, polymath, movies"
"📰 News, Politics & Public Figures",uzi_A_,AgboIzuchukwu,YES (Mutual),Regular,Political / Media Account,Click to Unfollow uzi_A_ POLITICS • RELIGION • POWER Evidence over emotion Nigeria • Africa
"📰 News, Politics & Public Figures",Soji82851,Soji of Lagos,YES (Mutual),Regular,Political / Media Account,Click to Unfollow Soji82851 Founder & CEO ₿ | Lagos big energy | Naija politics & culture | DM for business deals|man United fan.
"📰 News, Politics & Public Figures",DivineArrows1,Danladi Theophilus Asuku,YES (Mutual),Regular,Political / Media Account,Click to Unfollow DivineArrows1 A Christian A Teacher. Political Enthusiast I believe in One Nigeria Critic of bad Governance I am an Obidient
"📰 News, Politics & Public Figures",RichieX44,RichieX,YES (Mutual),Regular,Political / Media Account,Click to Unfollow RichieX44 advocate for good governance – Psalm 23
"📰 News, Politics & Public Figures",TooSweetBryan1,Too-Sweet Bryan,YES (Mutual),Regular,Political / Media Account,"Click to Unfollow TooSweetBryan1 | Bachelor of Mathematics|Cybersecurity Expert| Ghana Politics & World News| Hold Leaders Accountable |Against Tribal Politics | Issue-loyal, not Party-loyal |"
"📰 News, Politics & Public Figures",_dinomelaye,Senator Dino Melaye. (SDM),NO,Verified,Political / Media Account,"Click to Unfollow _dinomelaye Senator of the Federal Republic of Nigeria,  Former member House of Reps, Founder -Anti Corruption network, Democratic evangelist and Private Investigator"
"📰 News, Politics & Public Figures",WyronGaines,Myron Gaines Updates,NO,Verified,Political / Media Account,"Click to Unfollow WyronGaines Daily Myron updates: news, photos, videos etc. FanPage, this is NOT Myron! | Follow his official account@MyronGainesX"
"📰 News, Politics & Public Figures",forbiddenmerch,Ryan,NO,Verified,Political / Media Account,Click to Unfollow forbiddenmerch News/History/Merch   https://forbiddenmerch.us  Commentary & satire account. not affiliated with any real person.  @forbiddenmerchx @thedefiantwest
"📰 News, Politics & Public Figures",aruvinchan,Aruvin,NO,Verified,Political / Media Account,Click to Unfollow aruvinchan Certified fuckboy who loves situationships • I write a highly-rated newsletter on how to win with women. Subscribe for free: https://getleverage.win/join
"📰 News, Politics & Public Figures",LeilaHormozi,Leila Hormozi,NO,Verified,Political / Media Account,Click to Unfollow LeilaHormozi Founder & Chairwoman http://Acquisition.com l Building the business that builds businesses | Sign up to my newsletter
"📰 News, Politics & Public Figures",the_andrey_x,Andrey X,NO,Verified,Political / Media Account,"Click to Unfollow the_andrey_x Independent journalist and activist in Palestine, co-founder @caravan_coll"
"📰 News, Politics & Public Figures",CaudilloNuclear,Nuclear Caudillo,NO,Verified,Political / Media Account,"Click to Unfollow CaudilloNuclear Nuclear Navy veteran, Dominican, amateur pianist, self improvement non-guru, Ex JW, all my exes live in Texas https://nuclearcaudillo.substack.com"
"📰 News, Politics & Public Figures",AiForAmericans,Blackburn Firearms,NO,Regular,Political / Media Account,"Click to Unfollow AiForAmericans No Sales  2A • Guns • Gear • Freedom  News, firearms, gear & the culture behind it."
"📰 News, Politics & Public Figures",specialopsmag,Special Ops Magazine,NO,Verified,Political / Media Account,"Click to Unfollow specialopsmag Honoring special operations, past and present, and reporting on military news from around the globe. Help support our mission by following."
"📰 News, Politics & Public Figures",UNOFFICIALFACT,PIDOMNIGERIA,NO,Verified,Political / Media Account,"Click to Unfollow UNOFFICIALFACT The brain behind the info. Investigative journalist, Whistleblower, Reporter. TELLING THE OTHER SIDES OF THE STORY THAT NEVER MADE IT TO THE PRESS."
"📰 News, Politics & Public Figures",pubity,Pubity,NO,Verified,Political / Media Account,"Click to Unfollow pubity Informative, entertaining and breaking news."
"📰 News, Politics & Public Figures",KwankwasoRM,Rabiu Musa Kwankwaso,NO,Verified,Political / Media Account,"Click to Unfollow KwankwasoRM Engineer (FNSE), Former; Kano State Governor, Min. of Defence, Board Member NDDC, Parliamentarian. NNPP Presidential Candidate, 2023. NDC Member."
"📰 News, Politics & Public Figures",USAfricaCommand,U.S. Africa Command (AFRICOM),NO,Verified,Political / Media Account,Click to Unfollow USAfricaCommand AFRICOM is responsible for military relations with nations & regional organizations in Africa.  Follows/reposts ≠ endorsements
"📰 News, Politics & Public Figures",sowore,Omoyele Sowore,NO,Verified,Political / Media Account,"Click to Unfollow sowore Omoyele Sowore is the 2027 presidential candidate of the African Action Congress (AAC), running on a platform of revolutionary change!"
"📰 News, Politics & Public Figures",Antunes1,𝐀𝐍𝐓𝐔𝐍𝐄𝐒,NO,Verified,Political / Media Account,Click to Unfollow Antunes1 Law • Commentary • News • AI • Promos • 𝟮𝘽+𝙫𝙞𝙚𝙬𝙨 Featured in @Newsweek • DM for Business
"📰 News, Politics & Public Figures",JamesClear,James Clear,NO,Verified,Political / Media Account,Click to Unfollow JamesClear Author of the #1 NYT bestseller Atomic Habits (http://atomichabits.com). I write about building good habits. Over 3 million people read my 3-2-1 newsletter.
"📰 News, Politics & Public Figures",officialEFCC,EFCC Nigeria,NO,Verified,Political / Media Account,Click to Unfollow officialEFCC Nigeria's Foremost Anti-Corruption Agency | Law Enforcement | Prosecution | info@efcc.gov.ng | +2348093322644
"📰 News, Politics & Public Figures",OfficialDSSNG,Department of State Services (DSS),NO,Verified,Political / Media Account,Click to Unfollow OfficialDSSNG Official Twitter Account of the Department of State Services (DSS)
"📰 News, Politics & Public Figures",NGRPresident,Presidency Nigeria,NO,Verified,Political / Media Account,Click to Unfollow NGRPresident Official X Handle of the Presidency of the Federal Republic of Nigeria @nigeriagov | President: Bola Ahmed Tinubu @officialabat | VP: @officialsksm
"📰 News, Politics & Public Figures",NigerianNavy,Nigerian Navy,NO,Verified,Political / Media Account,Click to Unfollow NigerianNavy Official Twitter account of the #NigerianNavy. (Following/RT does not equal Nigerian Navy endorsement) #OnwardTogether
"📰 News, Politics & Public Figures",SaharaReporters,Sahara Reporters,NO,Verified,Political / Media Account,Click to Unfollow SaharaReporters Citizen Reporters In New York  Follow @SaharaTV1.
"📰 News, Politics & Public Figures",HQNigerianArmy,Nigerian Army,NO,Verified,Political / Media Account,Click to Unfollow HQNigerianArmy Official Twitter Account of the Nigerian Army.
"📰 News, Politics & Public Figures",channelstv,Channels Television,NO,Verified,Political / Media Account,Click to Unfollow channelstv Home for the news. Keeping you informed on all sides.
"📰 News, Politics & Public Figures",DrJoeAbah,"Dr Joe Abah, OON",NO,Verified,Political / Media Account,"Click to Unfollow DrJoeAbah Grandfather. Gooner. Governance. Institutional Change. Reforms. Rusty Law. Results. Laughter. Reposts only to encourage debate. Views mine, not my employer’s."
"📰 News, Politics & Public Figures",PeterObi,Peter Obi,NO,Verified,Political / Media Account,"Click to Unfollow PeterObi Former Governor, Anambra State. LP Presidential Candidate, 2023. NDC Presidential Candidate, 2027. Tweets by him are signed -PO."
"📰 News, Politics & Public Figures",InsaneReality,Insane Reality Leaks,NO,Verified,Political / Media Account,Click to Unfollow InsaneReality Insane reality from around the world • Bodycams • Dashcams • Police • Nature
"📰 News, Politics & Public Figures",PredicHistory,Predictive History,NO,Verified,Political / Media Account,Click to Unfollow PredicHistory Greatest History Predictor | geopolitics | summarizing Videos and opinions of Predictive History
"📰 News, Politics & Public Figures",TRobinsonNewEra,Tommy Robinson,NO,Verified,Political / Media Account,Click to Unfollow TRobinsonNewEra Journalist Support us: https://urbanscoop.news/support-us/ My books: http://trbooks.co.uk Message me directly on Minnect here - https://app.minnect.com/expert/T
"📰 News, Politics & Public Figures",Osint613,Open Source Intel,NO,Verified,Political / Media Account,Click to Unfollow Osint613 Monitoring real time news and open source intelligence. Some analysis and comments.
"📰 News, Politics & Public Figures",StartArchiving,archivi.ng,NO,Verified,Political / Media Account,"Click to Unfollow StartArchiving Building Nigeria’s historical record online. Today: newspapers, magazines, oral histories. Tomorrow: an archive that outlasts us all."
"📰 News, Politics & Public Figures",adonispara,ADONIS,NO,Verified,Political / Media Account,Click to Unfollow adonispara EX-MILITARY | Semper Fidelis | The untamed spirit remains the last form of nobility
"📰 News, Politics & Public Figures",AFpost,AF Post,NO,Verified,Political / Media Account,"Click to Unfollow AFpost News and alerts from around the world, from an America First perspective. Not affiliated with any organization, podcast, or activist."
"📰 News, Politics & Public Figures",TheCinesthetic,cinesthetic.,NO,Verified,Political / Media Account,Click to Unfollow TheCinesthetic Film & TV News  Daily Watchlist Recommendations  Helping you find what to watch next  For Promotion/Partnership- DM or mail: thecinesthetic@gmail.com
"📰 News, Politics & Public Figures",abakcus,Abakcus,NO,Verified,Political / Media Account,Click to Unfollow abakcus Abakcus is the best curation site for math and science.  Please subscribe my weekly newsletter! It is FREE! http://beyondeuclid.substack.com
"📰 News, Politics & Public Figures",ParallelFacts,Parallel Facts,NO,Verified,Political / Media Account,"Click to Unfollow ParallelFacts Top, Fastest-Growing News Platform. No Clickbait, No Propaganda, No Fake News. info@parallelfactsnews.com | http://whatsapp.com/channel/0029VaCQSAoHgZWiDjR3Kn2E…"
"📰 News, Politics & Public Figures",BRICSinfo,BRICS News,NO,Verified,Political / Media Account,Click to Unfollow BRICSinfo We are an independent media company bringing you unparalleled coverage of all-things geopolitics & BRICS News in real-time. Not an official government account.
"📰 News, Politics & Public Figures",HOUSEPORN___,HOUSE PORN,NO,Verified,Political / Media Account,"Click to Unfollow HOUSEPORN___ Curating original houses, interiors & architecture | Subscribe our newsletter"
"📰 News, Politics & Public Figures",ARISEtv,ARISE NEWS,NO,Verified,Political / Media Account,Click to Unfollow ARISEtv Global News and Entertainment. Every Culture. Every Angle. DSTV channel 416; Gotv channel 24; Sky UK channel 516. Website - http://Arise.tv
"😂 Memes, Clips, Nostalgia & Entertainment",Konichiwa12345M,konichiwa,YES (Mutual),Regular,Meme / Viral Content Page,Click to Unfollow Konichiwa12345M Memer..
"😂 Memes, Clips, Nostalgia & Entertainment",AxelSuccess,Success Axel,YES (Mutual),Regular,Meme / Viral Content Page,Click to Unfollow AxelSuccess i Trade & Post Memes
"😂 Memes, Clips, Nostalgia & Entertainment",joe6527,Joseph,YES (Mutual),Verified,Meme / Viral Content Page,"Click to Unfollow joe6527 Memes & laughs daily || Reply guy on a mission | | Blue for life ,Chelsea || real life story that looks Fabricated || Random thoughts ||•"
"😂 Memes, Clips, Nostalgia & Entertainment",_Defijohn,JOHNNY (blue tick),YES (Mutual),Regular,Meme / Viral Content Page,"Click to Unfollow _Defijohn Tech tweets , rants, tech creator  Android guy , Web 3 enthusiast, graphics designer, cruise & memes."
"😂 Memes, Clips, Nostalgia & Entertainment",mabrokings,Louis.,YES (Mutual),Regular,Meme / Viral Content Page,Click to Unfollow mabrokings just a chill  Here to explore..Humor and Relatable tweet..following trends..growth advo..Dm for Ads nd Pro.ifb
"😂 Memes, Clips, Nostalgia & Entertainment",WomenBeingAwful,Women Being Awful,YES (Mutual),Verified,Meme / Viral Content Page,Click to Unfollow WomenBeingAwful Women Are Amazing • Just Not These Women •  Actual Cases Of Women Being Horrible •  Memes • Cringe •  And More! | Sponsored by @Rainbetcom
"😂 Memes, Clips, Nostalgia & Entertainment",ChrenToonz,Chris Chren,YES (Mutual),Regular,Meme / Viral Content Page,Click to Unfollow ChrenToonz Life is not scripted  Graphic Designer  AI Cartoon & Chibi Artist  Turning your photos into Art  Dm for custom Edits   #DONJAZZY  #Chren
"😂 Memes, Clips, Nostalgia & Entertainment",Dhat_Tomi,T.O.M.I,YES (Mutual),Verified,Meme / Viral Content Page,Click to Unfollow Dhat_Tomi Please dedicate your heart | I'm Batman  | I can cook Spaghetti  | INTROVERT ASF | STRAIGHT ASF | OTAKU | MEME | WABI SABI | JUST A GIRL | OFFICIAL DBZ HATER | RAGEBAITER
"😂 Memes, Clips, Nostalgia & Entertainment",jhuicyjay,ms. 𝒿𝔸𝕪,YES (Mutual),Verified,Meme / Viral Content Page,Click to Unfollow jhuicyjay ||Movies || ||Therapeutic Contents || ||Anything CINEMATIC|| ||Check highlights for more||
"😂 Memes, Clips, Nostalgia & Entertainment",ituajiv,Jordan,YES (Mutual),Verified,Meme / Viral Content Page,"Click to Unfollow ituajiv memes, movies and funny videos"
"😂 Memes, Clips, Nostalgia & Entertainment",Patrick41_,Nostalgia,YES (Mutual),Regular,Meme / Viral Content Page,"Click to Unfollow Patrick41_ Creating AI videos, Preserving  golden moments   •  timeless comic stories."
"😂 Memes, Clips, Nostalgia & Entertainment",Trolldoe126125,Trolldoe,YES (Mutual),Verified,Meme / Viral Content Page,"Click to Unfollow Trolldoe126125 Mocking bad takes in football & politics . Sometimes I post dark humor too. If offended, it's you."
"😂 Memes, Clips, Nostalgia & Entertainment",Geniethefirst,Neto Obi,YES (Mutual),Verified,Meme / Viral Content Page,Click to Unfollow Geniethefirst || RELATABLE CONTENT || MEMES || BA. THEATRE ARTS  ||  REPLY GUY || RISK MANAGER || Project Manager  || A GENTLEMAN
"😂 Memes, Clips, Nostalgia & Entertainment",Wilfredwick,𝐀𝐞𝐬𝐭𝐡𝐞𝐭𝐢𝐜𝐖𝐚𝐥𝐥𝐬,YES (Mutual),Regular,Meme / Viral Content Page,Click to Unfollow Wilfredwick wallpaper addict Paradise
"😂 Memes, Clips, Nostalgia & Entertainment",MondoLuz,TheEdge,YES (Mutual),Verified,Meme / Viral Content Page,Click to Unfollow MondoLuz Short Movie Clips | Humor & Fun | ManchesterUnited | Follow for more #DailyEdge
"😂 Memes, Clips, Nostalgia & Entertainment",DonTomiw,DON,YES (Mutual),Regular,Meme / Viral Content Page,"Click to Unfollow DonTomiw memes . Real Madrid & Man U fan , good music"
"😂 Memes, Clips, Nostalgia & Entertainment",Valentineabako,Valentine,YES (Mutual),Regular,Meme / Viral Content Page,Click to Unfollow Valentineabako MUFC | FUNNY VIDEOS | MOVIE CLIPS| YOUTUBER
"😂 Memes, Clips, Nostalgia & Entertainment",wtftarki,♔,YES (Mutual),Verified,Meme / Viral Content Page,"Click to Unfollow wtftarki Creator, Fashion, aesthetic, sneakers ,  contact - wtftarki@gmail.com. Dm4ads & promo EST. 2025"
"😂 Memes, Clips, Nostalgia & Entertainment",EmmyR55714,Emmy Rheal,YES (Mutual),Verified,Meme / Viral Content Page,Click to Unfollow EmmyR55714 Uni life in Naija  | Relatable memes and random thoughts| Emmy Rheal
"😂 Memes, Clips, Nostalgia & Entertainment",haywhy_cfc,HAYWHY_CFC,YES (Mutual),Regular,Meme / Viral Content Page,Click to Unfollow haywhy_cfc BANTER/CHELSEA/MESSI. MEMES/RELATABLE CONTENTS. Dm for notis
"😂 Memes, Clips, Nostalgia & Entertainment",_adam_tk,Khan,YES (Mutual),Regular,Meme / Viral Content Page,Click to Unfollow _adam_tk B.Eng(in-view) || memes || what Khan I do for you?
"😂 Memes, Clips, Nostalgia & Entertainment",jakeshieldsajj,Jake Shields,NO,Regular,Meme / Viral Content Page,Click to Unfollow jakeshieldsajj former UFC/MMA fighter and 5-time world champion- Host of the Fight Back podcast (@ShieldsClips)
"😂 Memes, Clips, Nostalgia & Entertainment",arcticinstincts,David Sun,NO,Verified,Meme / Viral Content Page,Click to Unfollow arcticinstincts Frolicmaxxing @Decreeink ex @UW Evolutionary researcher of ecological influences on personality & culture. Fresh POV gene memes.  RT/likes/follows ≠ endorsement
"😂 Memes, Clips, Nostalgia & Entertainment",endabortionmeme,Memes to End Abortion,NO,Verified,Meme / Viral Content Page,"Click to Unfollow endabortionmeme anti-abortion memes. repost whatever you want. she/her but like, in the way you refer to a boat. otherwise *your excellence* is just fine"
"😂 Memes, Clips, Nostalgia & Entertainment",lunaraesth,Lunar Aesthetics,NO,Regular,Meme / Viral Content Page,Click to Unfollow lunaraesth Visions of Luna || Art & Aesthetics of the Moon and Future Lunar Development || @marsaesthetic
"😂 Memes, Clips, Nostalgia & Entertainment",ArchivoHumanoX,𝑨𝒏𝒅𝒓𝒆́𝒔 𝑺𝒊𝒛𝒂,NO,Verified,Meme / Viral Content Page,"Click to Unfollow ArchivoHumanoX History, ideas, and stories that make an impact.   Informative videos, reflection, and humor with context."
"😂 Memes, Clips, Nostalgia & Entertainment",FightWithMemes,Fight With Memes,NO,Verified,Meme / Viral Content Page,"Click to Unfollow FightWithMemes Anti-Woke, Anti-Left, Anti-War | Faith , Family ‍, Freedom |  Turn  on!"
"😂 Memes, Clips, Nostalgia & Entertainment",PicturesFoIder,non aesthetic things,NO,Verified,Meme / Viral Content Page,Click to Unfollow PicturesFoIder viral media from around the world   submit clips & inquiries to media@fixated.com
"😂 Memes, Clips, Nostalgia & Entertainment",KILLTOPARTY,“Bad” Billy Pratt,NO,Verified,Meme / Viral Content Page,"Click to Unfollow KILLTOPARTY Essays, memes, and shit-talking. Editor-in-Chief at Terror House."
"😂 Memes, Clips, Nostalgia & Entertainment",aestheticspost_,Aesthetics,NO,Verified,Meme / Viral Content Page,"Click to Unfollow aestheticspost_ beauty is in the eye of the beholder.   posting photos and videos taken, edited and visualized by me."
"😂 Memes, Clips, Nostalgia & Entertainment",AutisticClip,AutisticClips,NO,Verified,Meme / Viral Content Page,Click to Unfollow AutisticClip your average autistic clipper | not impersonating anyone | Powered by @rainbetcom
"😂 Memes, Clips, Nostalgia & Entertainment",_HistoryNerd,History Nerd,NO,Verified,Meme / Viral Content Page,Click to Unfollow _HistoryNerd Exploring History. DM me a story you want to share & for credits
"😂 Memes, Clips, Nostalgia & Entertainment",WigglyAir,Alien Perspective,NO,Verified,Meme / Viral Content Page,"Click to Unfollow WigglyAir Memes, Music, and UFOs - psychedelic downtempo musician and memester. ufotwitter. also @AlienToYou - here are my links   https://linktr.ee/alienperspective…"
"😂 Memes, Clips, Nostalgia & Entertainment",Eryth_Studio,Wallpaper Atelier,NO,Verified,Meme / Viral Content Page,Click to Unfollow Eryth_Studio Visual creator   Digital aesthetics
"😂 Memes, Clips, Nostalgia & Entertainment",queennaurelia,vintagelover,NO,Verified,Meme / Viral Content Page,"Click to Unfollow queennaurelia Magical unspoken love  | Relatable feelings, deep drama & memes"
"😂 Memes, Clips, Nostalgia & Entertainment",EditsGoesHard,Edits That Goes Hard,NO,Verified,Meme / Viral Content Page,Click to Unfollow EditsGoesHard The Hardest Edits Gallery to Ever Exist || Nothing is owned by me (DMs for Credits) ~ Owner: @7490 - Admin: @Sxript - Partner: @Roobet
"😂 Memes, Clips, Nostalgia & Entertainment",kozalakscene,DEX,NO,Verified,Meme / Viral Content Page,Click to Unfollow kozalakscene Cinema | Aesthetic | Games
"😂 Memes, Clips, Nostalgia & Entertainment",LinkedInLunat1c,LinkedIn Lunatics,NO,Verified,Meme / Viral Content Page,Click to Unfollow LinkedInLunat1c Sharing the cringe that is LinkedIn | posting unhinged memes on LinkedIn because I can http://memelord.com
"😂 Memes, Clips, Nostalgia & Entertainment",nostalgiaa,Nostalgia,NO,Verified,Meme / Viral Content Page,"Click to Unfollow nostalgiaa Nostalgic movies, tv shows, and more - Powered by @rainbetcom"
"😂 Memes, Clips, Nostalgia & Entertainment",CartoonVidio,Cartoon Clips,NO,Verified,Meme / Viral Content Page,"Click to Unfollow CartoonVidio Follow For Classic scenes, Timeless laughs & Pure nostalgia."
"😂 Memes, Clips, Nostalgia & Entertainment",UpdatingOnRome,Daily Roman Updates,NO,Verified,Meme / Viral Content Page,Click to Unfollow UpdatingOnRome Original Roman history memes & takes Voted Man of the Year 476 AD 7965 | Powered by @rainbetcom
"😂 Memes, Clips, Nostalgia & Entertainment",ThePeakyBlinder,Peaky Blinders,NO,Verified,Meme / Viral Content Page,Click to Unfollow ThePeakyBlinder Official account of #PeakyBlinders. On @BBC and @Netflix.  Peaky Blinders: The Immortal Man in select cinemas Mar 6th and on @Netflix Mar 20th.
"😂 Memes, Clips, Nostalgia & Entertainment",FuentesUpdates,Fuentes Updates,NO,Verified,Meme / Viral Content Page,"Click to Unfollow FuentesUpdates Official fan account for @NickJFuentes | Not impersonating anyone | Follow for clips, news, and more!"
"😂 Memes, Clips, Nostalgia & Entertainment",Neo__Hq,Neo,NO,Verified,Meme / Viral Content Page,"Click to Unfollow Neo__Hq The MOST RECENT Updates on the Tate Brothers Legal Case, Lifestyle and Memes | Active Daily | Follow and hit the bell"
"😂 Memes, Clips, Nostalgia & Entertainment",TheMathFlow,The Math Flow,NO,Verified,Meme / Viral Content Page,"Click to Unfollow TheMathFlow Mathematics insights presented through animations, formulas, pictures, graphics, quotes, books, history, and memes. DM for inquiries."
"😂 Memes, Clips, Nostalgia & Entertainment",OpticNoir,OpticNoir,NO,Verified,Meme / Viral Content Page,Click to Unfollow OpticNoir Lost in the shadows of time - Aesthetic military art dealer
"😂 Memes, Clips, Nostalgia & Entertainment",GeekedMemes,geeked memes,NO,Verified,Meme / Viral Content Page,Click to Unfollow GeekedMemes memes to look at while geeked
"😂 Memes, Clips, Nostalgia & Entertainment",Anc_Aesthetics,Aesthetica,NO,Verified,Meme / Viral Content Page,Click to Unfollow Anc_Aesthetics Artist | Aesthetics | History - In the Arena
"😂 Memes, Clips, Nostalgia & Entertainment",scievision369,ScieVision,NO,Verified,Meme / Viral Content Page,"Click to Unfollow scievision369 Researcher | Posting & Exploring related #science, #Math, #nature, and #technology | DM for credits/removal"
"😂 Memes, Clips, Nostalgia & Entertainment",shitpost_2049,Shitpost 2049,NO,Verified,Meme / Viral Content Page,Click to Unfollow shitpost_2049 shitpost post until 2049
"😂 Memes, Clips, Nostalgia & Entertainment",MemesUpMyAss,Memes I found shoved up my Ass,NO,Verified,Meme / Viral Content Page,Click to Unfollow MemesUpMyAss Shitting out memes. Will steal your memes to repost for my personal gain. WILL POST CRAZY SHIT.
"😂 Memes, Clips, Nostalgia & Entertainment",TheFigen_,The Figen,NO,Verified,Meme / Viral Content Page,"Click to Unfollow TheFigen_ PhD musicology/Teacher/ - Posting positive, humor and memes ... DM for paid partnership."
"😂 Memes, Clips, Nostalgia & Entertainment",DarkOddCon,"Dark,Odd,Conspiracy",NO,Verified,Meme / Viral Content Page,"Click to Unfollow DarkOddCon I just post Dark Humor, Schizo, Conspiracy, Edgy, and Weird/Odd memes/posts along with regular memes too. Trying to be more active, posting regular memes too."
"😂 Memes, Clips, Nostalgia & Entertainment",moodnovella,mood novella,NO,Regular,Meme / Viral Content Page,Click to Unfollow moodnovella Follow our new page for : Daily moodboards |healing journals |life aesthetics
"😂 Memes, Clips, Nostalgia & Entertainment",CigsMake,Cigarette Nostalgia,NO,Verified,Meme / Viral Content Page,"Click to Unfollow CigsMake Cigarettes, Cultural Things From The Past, and Satire"
"😂 Memes, Clips, Nostalgia & Entertainment",UberFacts,UberFacts,NO,Verified,Meme / Viral Content Page,Click to Unfollow UberFacts The most unimportant things you’ll never need to know
"😂 Memes, Clips, Nostalgia & Entertainment",creepydotorg,Creepy.org,NO,Verified,Meme / Viral Content Page,Click to Unfollow creepydotorg Your leading source for all things creepy
"😂 Memes, Clips, Nostalgia & Entertainment",HumansNoContext,NO CONTEXT HUMANS,NO,Verified,Meme / Viral Content Page,"Click to Unfollow HumansNoContext Humans being funny, wholesome, weird and unforgettable"
"😂 Memes, Clips, Nostalgia & Entertainment",Fact,Fact,NO,Verified,Meme / Viral Content Page,Click to Unfollow Fact Interesting facts about life. DMs open.
"😂 Memes, Clips, Nostalgia & Entertainment",fastrlife,Axel,NO,Verified,Meme / Viral Content Page,Click to Unfollow fastrlife Welcome to Bioaesthetics.
"😂 Memes, Clips, Nostalgia & Entertainment",historyinmemes,Historic Vids,NO,Verified,Meme / Viral Content Page,Click to Unfollow historyinmemes Daily history lessons. Education through memes!  Business Inquiries: evan@historyinmemes.com
"🤖 Bots, Trackers & AI Reposters",aurora_robots,Aurora Robotics,NO,Verified,Automated / Bot Account,"Click to Unfollow aurora_robots Aurora Robotics is dedicated to transforming robotics in Africa, from education, to software development, to hardware design, prototyping, and full deployment."
"🤖 Bots, Trackers & AI Reposters",33StrategiesBot,33 Strategies of War,NO,Verified,Automated / Bot Account,"Click to Unfollow 33StrategiesBot Daily drops of War & Strategy wisdom All fan-made, no official ties to Robert Greene. Looking for a designer to create original strategy content for X."
"🤖 Bots, Trackers & AI Reposters",TrackerFink,Larry Fink Stock Tracker,NO,Verified,Automated / Bot Account,Click to Unfollow TrackerFink Tracking Larry Fink's trades so you can invest alongside.  Powered by @InsiderTrackX
"🤖 Bots, Trackers & AI Reposters",TeslaAIBot,Optimus,NO,Verified,Automated / Bot Account,Click to Unfollow TeslaAIBot My name is Optimus • parody • All subscribers will get a follow from me  • DISCLAIMER: This account is not affiliated with any meme coins • Buy me a coffee
"🤖 Bots, Trackers & AI Reposters",WhaleReceipts,Whale Receipts,NO,Verified,Automated / Bot Account,Click to Unfollow WhaleReceipts Insider trades and institutional positioning. Brought to you by @InTheAssembly
"🤖 Bots, Trackers & AI Reposters",HuangTracker,Jensen Huang Stock Tracker,NO,Verified,Automated / Bot Account,Click to Unfollow HuangTracker Tracking Huang's trades so you can invest alongside.  Powered by @InsiderTrackX
"🤖 Bots, Trackers & AI Reposters",AltmanTracker,Sam Altman Stock Tracker,NO,Verified,Automated / Bot Account,Click to Unfollow AltmanTracker Tracking Altman's trades so you can invest alongside.  Powered by @InsiderTrackX
"🤖 Bots, Trackers & AI Reposters",TrumpsPortfolio,Donald Trump Portfolio Tracker,NO,Verified,Automated / Bot Account,Click to Unfollow TrumpsPortfolio Tracking all of Trumps trades so I can get filthy rich
"🤖 Bots, Trackers & AI Reposters",pelositracker,Nancy Pelosi Stock Tracker ♟,NO,Verified,Automated / Bot Account,Click to Unfollow pelositracker Highlighting Politicians' trades so we can invest alongside.  $1.8B invested alongside via @joinAutopilot  Download Autopilot to trade like a politician
"🤖 Bots, Trackers & AI Reposters",insiderwave,Insiderwave,NO,Verified,Stock / Politician Tracker Bot,Click to Unfollow insiderwave The only app that shows you REAL data on politicians’ portfolios.
"🤖 Bots, Trackers & AI Reposters",MoneyQuotesX,Money Quotes,NO,Verified,Automated / Bot Account,Click to Unfollow MoneyQuotesX Quotes that make you richer.
"🤖 Bots, Trackers & AI Reposters",Figure_robot,Figure,NO,Verified,Automated / Bot Account,Click to Unfollow Figure_robot Figure is an AI Robotics company building the world's first commercially viable autonomous humanoid robot.
"🤖 Bots, Trackers & AI Reposters",quotesdaily100,Unfiltered,NO,Verified,Automated / Bot Account,"Click to Unfollow quotesdaily100 Words that motivate, heal, and guide you forward."
"🤖 Bots, Trackers & AI Reposters",OpenRoboticsOrg,Open Robotics,NO,Regular,Automated / Bot Account,"Click to Unfollow OpenRoboticsOrg Our mission is to support development, distribution, and adoption of open source software like #ROS and #Gazebo for use in the robotics industry. Formerly OSRF."
"🤖 Bots, Trackers & AI Reposters",BookOfPook,Book Of Pook Bot,NO,Verified,Automated / Bot Account,"Click to Unfollow BookOfPook Understand women - why they are how they are, and why they do what they do."
"🤖 Bots, Trackers & AI Reposters",UnitreeRobotics,Unitree,NO,Verified,Automated / Bot Account,Click to Unfollow UnitreeRobotics High performance civilian robot manufacturer. Please everyone be sure to use the robot in a Friendly and Safe manner. https://github.com/unitreerobotics
"🤖 Bots, Trackers & AI Reposters",NVIDIARobotics,NVIDIA Robotics,NO,Verified,Automated / Bot Account,Click to Unfollow NVIDIARobotics NVIDIA Robotics inspires visionaries and developers to create the next generation of AI-driven robots and explore the world of physical AI.
"🤖 Bots, Trackers & AI Reposters",thehealthb0t,healthbot,NO,Verified,Automated / Bot Account,Click to Unfollow thehealthb0t Longevity protocols.
"🤖 Bots, Trackers & AI Reposters",UnmodernmanBot,Machiavelli Bot,NO,Verified,Automated / Bot Account,"Click to Unfollow UnmodernmanBot Political Advisor | Lessons in Politics, Machiavellian strategies, and navigating Power Dynamics."
"🤖 Bots, Trackers & AI Reposters",thematrixb0t,matrixbot,NO,Verified,Automated / Bot Account,Click to Unfollow thematrixb0t Open-source intel.
"🤖 Bots, Trackers & AI Reposters",conspiracyb0t,conspiracybot,NO,Verified,Automated / Bot Account,Click to Unfollow conspiracyb0t Truth over lies.
"🤖 Bots, Trackers & AI Reposters",iluminatibot,illuminatibot,NO,Verified,Automated / Bot Account,Click to Unfollow iluminatibot Signals in the noise.
"🤖 Bots, Trackers & AI Reposters",0ccultbot,occultbot,NO,Verified,Automated / Bot Account,Click to Unfollow 0ccultbot Hidden symbols.
"🤖 Bots, Trackers & AI Reposters",redpillb0t,redpillbot,NO,Verified,Automated / Bot Account,Click to Unfollow redpillb0t Truth over comfort.
"🤖 Bots, Trackers & AI Reposters",48_quotes,48 Laws Of Power Bot,NO,Verified,Automated / Bot Account,Click to Unfollow 48_quotes Quotes from 48 Laws of Power by Robert Greene | Social Skills | Play every situation to your advantage | Bot (Follow for more)  Created by @LifeMathMoney
"🤖 Bots, Trackers & AI Reposters",IllimitableBot,Illimitable Man Bot • Red Pill,NO,Verified,Automated / Bot Account,Click to Unfollow IllimitableBot Revealing the nature of women and building you as a man.  Quotes from the Illimitable Man.  Created by @lifemathmoney
🤝 Mutual Friends & Peers (Follows You Back),imsyek,Smith,YES (Mutual),Regular,Personal Mutual Connection,"Click to Unfollow imsyek when others see problem, i see solution"
🤝 Mutual Friends & Peers (Follows You Back),contessya,Miss community recruiter,YES (Mutual),Regular,Personal Mutual Connection,Click to Unfollow contessya Sign up here and get paid to test cosmetics.  Participate in cosmetic research & get to shape the future of African beauty products
🤝 Mutual Friends & Peers (Follows You Back),dfwnancy_,Fancy Nancy,YES (Mutual),Verified,Personal Mutual Connection,"Click to Unfollow dfwnancy_ Dm for Ads and Pr• Building a community, not just numbers• Content Creator• I’m not what I tweet abeg"
🤝 Mutual Friends & Peers (Follows You Back),Nigga_doings,Do_I_know_you???_,YES (Mutual),Regular,Personal Mutual Connection,Click to Unfollow Nigga_doings Check pinned post
🤝 Mutual Friends & Peers (Follows You Back),Takeover_888,Firebwl,YES (Mutual),Regular,Personal Mutual Connection,Click to Unfollow Takeover_888 Technician  Engineer ....
🤝 Mutual Friends & Peers (Follows You Back),0x_greatm3,Great,YES (Mutual),Regular,Personal Mutual Connection,Click to Unfollow 0x_greatm3 mathematics @ http://unn.edu.ng • seeking the truth • programmer
🤝 Mutual Friends & Peers (Follows You Back),mohamedation,mohamedation,YES (Mutual),Regular,Personal Mutual Connection,"Click to Unfollow mohamedation a Designer, Coder, Artist, Explorer, Geek, Photographer, Adventurer, Traveler, and sailor wannabe. Former exchange student. I've something going on with Pizza."
🤝 Mutual Friends & Peers (Follows You Back),pkwolffe,Prince Larbi,YES (Mutual),Verified,Personal Mutual Connection,Click to Unfollow pkwolffe vr/ar ᯅ  • khaya ai • rpa • nasa space apps city lead
🤝 Mutual Friends & Peers (Follows You Back),the_iyin_ajayi,Iyin Ajayi,YES (Mutual),Regular,Personal Mutual Connection,Click to Unfollow the_iyin_ajayi Words and numbers?. They’ll change my life.
🤝 Mutual Friends & Peers (Follows You Back),EmekaBuilds_,Emeka,YES (Mutual),Regular,Personal Mutual Connection,Click to Unfollow EmekaBuilds_ Mechatronics Eng. student • I build physical stuff • Engineering at @EERC_hq
🤝 Mutual Friends & Peers (Follows You Back),Raw_Chrome,Ifedayo Idowu,YES (Mutual),Verified,Personal Mutual Connection,Click to Unfollow Raw_Chrome Building Ai products and tools for brands and Services working on AbiaEats
🤝 Mutual Friends & Peers (Follows You Back),P_Onyira,Precious Onyira,YES (Mutual),Regular,Personal Mutual Connection,Click to Unfollow P_Onyira Product and Brand Designer | Agric Advocate
🤝 Mutual Friends & Peers (Follows You Back),uzokweval,Uzokwe Valentine,YES (Mutual),Regular,Personal Mutual Connection,Click to Unfollow uzokweval PV technician @altreonsolar • Technical writer (energy and sustainability) for Raynergy digest @raynergyx
🤝 Mutual Friends & Peers (Follows You Back),uthman_dev,❯ ~ 𝗨𝗧𝗛𝗠𝗔𝗡.𝗦𝗛 技,YES (Mutual),Regular,Personal Mutual Connection,Click to Unfollow uthman_dev I write Go. (sometimes it compiles ;) Built https://logos-lang.vercel.app More projects @ http://github.com/codetesla51 I use Arch btw ;)
🤝 Mutual Friends & Peers (Follows You Back),MarcheseMethods,Based Therapist | Marchese Methods,YES (Mutual),Verified,Personal Mutual Connection,"Click to Unfollow MarcheseMethods Married Vet, Math background. I provide 1-1 coaching/based therapy yielding you joy & confidence. Eyes On The Prize | Prov. 28:1 Make Therapy Great Again"
🤝 Mutual Friends & Peers (Follows You Back),UchennaVictor0,𝕷𝖔𝖗𝖉 𝕻𝖊𝖗𝖈𝖎𝖛𝖆𝖑,YES (Mutual),Regular,Personal Mutual Connection,Click to Unfollow UchennaVictor0 mephobia patient • destined for greatness • anime enthusiast • #1 Sidemen Lover • deux ex machina merchant • self proclaimed genius • Hala Madrid
🤝 Mutual Friends & Peers (Follows You Back),manuelscript,Manuel,YES (Mutual),Verified,Personal Mutual Connection,Click to Unfollow manuelscript Product @reedapt
🤝 Mutual Friends & Peers (Follows You Back),whereiss404,CLAY,YES (Mutual),Verified,Personal Mutual Connection,Click to Unfollow whereiss404 404
🤝 Mutual Friends & Peers (Follows You Back),El__Yaq,‎Khalifa,YES (Mutual),Regular,Personal Mutual Connection,Click to Unfollow El__Yaq Chief Farmer @futurefishagro | if it works with 1s and 0s count me in
🤝 Mutual Friends & Peers (Follows You Back),nzevh_,Arinze,YES (Mutual),Verified,Personal Mutual Connection,Click to Unfollow nzevh_ I build everything
🤝 Mutual Friends & Peers (Follows You Back),Fortunately_him,Fortune,YES (Mutual),Regular,Personal Mutual Connection,Click to Unfollow Fortunately_him
🤝 Mutual Friends & Peers (Follows You Back),Georgexcvi,George,YES (Mutual),Regular,Personal Mutual Connection,Click to Unfollow Georgexcvi
🤝 Mutual Friends & Peers (Follows You Back),sodiumdream,SodiumDream,YES (Mutual),Verified,Personal Mutual Connection,Click to Unfollow sodiumdream M-0 | Low-band testing | ~0.004
🤝 Mutual Friends & Peers (Follows You Back),folar_tweets,fola,YES (Mutual),Regular,Personal Mutual Connection,Click to Unfollow folar_tweets I tweet whatever comes to my mind
🤝 Mutual Friends & Peers (Follows You Back),adavize_jude,Adavize,YES (Mutual),Regular,Personal Mutual Connection,Click to Unfollow adavize_jude https://judecv.carrd.co
🤝 Mutual Friends & Peers (Follows You Back),Newbie_Emmy,..,YES (Mutual),Regular,Personal Mutual Connection,Click to Unfollow Newbie_Emmy .
🤝 Mutual Friends & Peers (Follows You Back),Ibn_Miftaudeen,DR.JIM,YES (Mutual),Regular,Personal Mutual Connection,Click to Unfollow Ibn_Miftaudeen ||Agriculturist In The Making ||Conversation Starter|| Knowledge Seeker||Commentator||Truth Seeker||Analyst||
🤝 Mutual Friends & Peers (Follows You Back),Aremubaasit,Just.Basit,YES (Mutual),Regular,Personal Mutual Connection,Click to Unfollow Aremubaasit
🤝 Mutual Friends & Peers (Follows You Back),Dami_lola54,Dammy,YES (Mutual),Regular,Personal Mutual Connection,Click to Unfollow Dami_lola54
🤝 Mutual Friends & Peers (Follows You Back),Felix122708,Felix,YES (Mutual),Regular,Personal Mutual Connection,Click to Unfollow Felix122708 Hobby - Tweeting || Web Dev
🤝 Mutual Friends & Peers (Follows You Back),seyi_solu,Olúwaṣèyífúnmi,YES (Mutual),Regular,Personal Mutual Connection,"Click to Unfollow seyi_solu black, glasses girl."
🤝 Mutual Friends & Peers (Follows You Back),UnitedBlackOrg,United Black Library,YES (Mutual),Regular,Personal Mutual Connection,"Click to Unfollow UnitedBlackOrg Online Bookstore. We have a great collection of Black Literature, Black Movies, Audiobooks and more. #BlackAuthors #BlackHistory #BlackLiterature"
🤝 Mutual Friends & Peers (Follows You Back),aor_rex,尺乇乂,YES (Mutual),Verified,Personal Mutual Connection,Click to Unfollow aor_rex onchained imposter  building @degenlarper
🤝 Mutual Friends & Peers (Follows You Back),GodwinSele,NeuraClutch.sui,YES (Mutual),Regular,Personal Mutual Connection,"Click to Unfollow GodwinSele Techenthusiast|| Degen ,Pt Analyst.. || CIVIL ENGR • || BURNING DESIRE   | RESEARCHER||ART  CREATOR ™• PREPARE!"
🤝 Mutual Friends & Peers (Follows You Back),KellyaceVibes,(KellyAce),YES (Mutual),Regular,Personal Mutual Connection,Click to Unfollow KellyaceVibes HEYS……….IMEANACE VISCABARCA. FIREBOY DMLYBNL
🤝 Mutual Friends & Peers (Follows You Back),LalasUrish,Sheila O.,YES (Mutual),Verified,Personal Mutual Connection,Click to Unfollow LalasUrish Humanitarian Volunteer / Proudly served with Cancel Cancer (NGO) in the UK & across Africa. Be the reason someone believes in the goodness of humanity.
🤝 Mutual Friends & Peers (Follows You Back),viktorscript3,vittorio ★,YES (Mutual),Regular,Personal Mutual Connection,Click to Unfollow viktorscript3 datasheets wizard • quantumquasar
🤝 Mutual Friends & Peers (Follows You Back),sarrleem,Salim,YES (Mutual),Regular,Personal Mutual Connection,Click to Unfollow sarrleem 7%
🤝 Mutual Friends & Peers (Follows You Back),EmmaSlime06,Emmanuel Iseoluwa,YES (Mutual),Regular,Personal Mutual Connection,Click to Unfollow EmmaSlime06 God First||B.Eng Marine Engineering (In view).
🤝 Mutual Friends & Peers (Follows You Back),BABS_INDUSTRIES,Baba,YES (Mutual),Regular,Personal Mutual Connection,Click to Unfollow BABS_INDUSTRIES i seek fun
🤝 Mutual Friends & Peers (Follows You Back),JDataCraft,Joshua,YES (Mutual),Verified,Personal Mutual Connection,Click to Unfollow JDataCraft Data finds patterns. Statistics makes sense of uncertainty. Programming lets me build beyond analysis. | I’ll get there  | Nuquam Sine Spe
🤝 Mutual Friends & Peers (Follows You Back),Josh_Jay19,Josh-Jay,YES (Mutual),Regular,Personal Mutual Connection,Click to Unfollow Josh_Jay19 Ex-Jam!.  Tweeting into Existence.
🤝 Mutual Friends & Peers (Follows You Back),Dyanito07,Ohi.Dyanito,YES (Mutual),Regular,Personal Mutual Connection,Click to Unfollow Dyanito07 Anonymous|| Everything and Anything || Chasing Mastery (life and beyond).
🤝 Mutual Friends & Peers (Follows You Back),TwitsByAloba,Alöba,YES (Mutual),Verified,Personal Mutual Connection,Click to Unfollow TwitsByAloba || We Are Diamonds Taking Shape ||      || Trust BUT Verify ||
🤝 Mutual Friends & Peers (Follows You Back),realie_X,R,YES (Mutual),Regular,Personal Mutual Connection,Click to Unfollow realie_X
🤝 Mutual Friends & Peers (Follows You Back),Caspaxx,Caspalee,YES (Mutual),Regular,Personal Mutual Connection,"Click to Unfollow Caspaxx If you don’t have something meaningful to say, pls avoid my DM"
🤝 Mutual Friends & Peers (Follows You Back),hilzmusic,SUPERSTAR,YES (Mutual),Verified,Personal Mutual Connection,Click to Unfollow hilzmusic soon
🤝 Mutual Friends & Peers (Follows You Back),sceptreee,slawn.,YES (Mutual),Regular,Personal Mutual Connection,Click to Unfollow sceptreee Can't be touched
🤝 Mutual Friends & Peers (Follows You Back),mountstilldey,mount,YES (Mutual),Regular,Personal Mutual Connection,Click to Unfollow mountstilldey
🤝 Mutual Friends & Peers (Follows You Back),SProfiler1,Strategic Profiler,YES (Mutual),Verified,Personal Mutual Connection,"Click to Unfollow SProfiler1 StrategicProfiler shows you hidden patterns in behavior, competitors, and opportunities in minutes.  Stop guessing. Start knowing."
🤝 Mutual Friends & Peers (Follows You Back),castoszn,ً,YES (Mutual),Regular,Personal Mutual Connection,Click to Unfollow castoszn
🤝 Mutual Friends & Peers (Follows You Back),damieeeeeee_,Damilola.,YES (Mutual),Verified,Personal Mutual Connection,Click to Unfollow damieeeeeee_ 4/5 proper yoruba babe..
🤝 Mutual Friends & Peers (Follows You Back),ojoajogwu_,Cheers,YES (Mutual),Verified,Personal Mutual Connection,Click to Unfollow ojoajogwu_ hey you found me
🤝 Mutual Friends & Peers (Follows You Back),Alonecore7,boyalone,YES (Mutual),Regular,Personal Mutual Connection,Click to Unfollow Alonecore7 in my restless dreams
🤝 Mutual Friends & Peers (Follows You Back),iam_goodlck,✞𝔾✞,YES (Mutual),Verified,Personal Mutual Connection,Click to Unfollow iam_goodlck || Believe || Cityzen || 30bg || Cruise || 𓆩✞𓆪
🤝 Mutual Friends & Peers (Follows You Back),seun_awele30753,Jhon,YES (Mutual),Regular,Personal Mutual Connection,Click to Unfollow seun_awele30753 CITYZEN | SPORT|
🤝 Mutual Friends & Peers (Follows You Back),e_myrax,Emyrax | Mechatronic 𒌐 AI Engineer ֍,YES (Mutual),Regular,Personal Mutual Connection,"Click to Unfollow e_myrax Head of legislative @nuesa_unn | Let's talk web3, AI » AGI , system designs | certified AWS AI practitioner | B.ENG in Mechatronics At UNN | Building @yuinx_ai"
🤝 Mutual Friends & Peers (Follows You Back),RbrnJerry,RbrnJerry,YES (Mutual),Verified,Personal Mutual Connection,Click to Unfollow RbrnJerry Live & Learn
🤝 Mutual Friends & Peers (Follows You Back),sparks_mogul,Merge,YES (Mutual),Regular,Personal Mutual Connection,Click to Unfollow sparks_mogul
🤝 Mutual Friends & Peers (Follows You Back),Psychowizz,Chaoticlight,YES (Mutual),Regular,Personal Mutual Connection,Click to Unfollow Psychowizz The people's champ   Film score composer. Poet. Man.  Ephesians 3:7-10   olobayowisdom@gmail.com
🤝 Mutual Friends & Peers (Follows You Back),andrsn_fr,𝖆𝖓𝖉𝖊𝖗𝖘𝖔𝖓✞,YES (Mutual),Regular,Personal Mutual Connection,"Click to Unfollow andrsn_fr Islamophobic, Homophobic and most importantly, Retardiophobic."
🤝 Mutual Friends & Peers (Follows You Back),spooky_nature,⛆  ⛆,YES (Mutual),Verified,Personal Mutual Connection,"Click to Unfollow spooky_nature 𝑅𝑜𝑚𝑎𝑛𝑡𝑖𝑐 𝑜𝑓 𝑔𝑙𝑜𝑜𝑚𝑦 𝑠𝑘𝑖𝑒𝑠, 𝑒𝑛𝑑𝑙𝑒𝑠𝑠 𝑟𝑎𝑖𝑛, 𝑎𝑛𝑑 𝑟𝑎𝑔𝑖𝑛𝑔 𝑠𝑡𝑜𝑟𝑚𝑠  𝐷𝑀 𝑓𝑜𝑟 𝑐𝑟𝑒𝑑𝑖𝑡/𝑟𝑒𝑚𝑜𝑣𝑎𝑙."
🤝 Mutual Friends & Peers (Follows You Back),CHUKWUKA_1,ZEKE_,YES (Mutual),Regular,Personal Mutual Connection,"Click to Unfollow CHUKWUKA_1 Phenomenal 1  GGMU   Manchester is RED,  A PHILOSOPHER,  Life: Phrase 4,  Ready to Learn,  First step are always the hardest."
🤝 Mutual Friends & Peers (Follows You Back),Isaac_eniola1,Isaac Eniola,YES (Mutual),Regular,Personal Mutual Connection,Click to Unfollow Isaac_eniola1 C.F.C|| Graduate engineer
🤝 Mutual Friends & Peers (Follows You Back),francisvictor0,Francis Victor| Sales Catalyst,YES (Mutual),Regular,Personal Mutual Connection,Click to Unfollow francisvictor0 Cybersecurity Enthusiast | Info Tech Breed | Open to Learning at all times | Agbafian to the Core
🤝 Mutual Friends & Peers (Follows You Back),Only1bigwiz,Ragnar,YES (Mutual),Regular,Personal Mutual Connection,Click to Unfollow Only1bigwiz Professional Shiller & Raider
🤝 Mutual Friends & Peers (Follows You Back),xamthe8,XAM,YES (Mutual),Regular,Personal Mutual Connection,Click to Unfollow xamthe8 Unhinged | CITYZEN
🤝 Mutual Friends & Peers (Follows You Back),JrkSgh40017,Okey Njeze,YES (Mutual),Regular,Personal Mutual Connection,Click to Unfollow JrkSgh40017 CEO @LiveIntervals | Mobile dev |  Lover of The  Eucharist | Automating Safety in Nigeria | A better Nigeria is Possible
🤝 Mutual Friends & Peers (Follows You Back),0fficialbenny,𝔹𝕖𝕟𝔸𝕝𝕡𝕙𝕒,YES (Mutual),Regular,Personal Mutual Connection,Click to Unfollow 0fficialbenny Web3 Community Builder | Computer Engineering ’27 | CM @adreva_network | OG @laikasuperapp | Scaling communities globally & across Africa
🤝 Mutual Friends & Peers (Follows You Back),1billionfx,1𝕭𝖋𝖝,YES (Mutual),Regular,Personal Mutual Connection,Click to Unfollow 1billionfx 1BFX_VC
🤝 Mutual Friends & Peers (Follows You Back),pearyace,MUTIN3,YES (Mutual),Regular,Personal Mutual Connection,Click to Unfollow pearyace My intuition is telling me there’ll be better days.
🤝 Mutual Friends & Peers (Follows You Back),NwangaT7,,YES (Mutual),Regular,Personal Mutual Connection,Click to Unfollow NwangaT7 ☆𝐆𝐎𝐃 𝐅𝐈𝐑𝐒𝐓☆  𝗙𝗼𝗹𝗹𝗼𝘄 4 𝗙𝗼𝗹𝗹𝗼𝘄 𝗕𝗮𝗰𝗸
🤝 Mutual Friends & Peers (Follows You Back),HenrySKIPPO1,Henry,YES (Mutual),Verified,Personal Mutual Connection,Click to Unfollow HenrySKIPPO1 consistency is key IG:henry_4.44
🤝 Mutual Friends & Peers (Follows You Back),GloriousGod01,Glorious God,YES (Mutual),Verified,Personal Mutual Connection,"Click to Unfollow GloriousGod01 Calm | Motivation | Financial updates | Traditional Marriage/Relationship takes | Personal stories/experiences. Above all, love God"
🤝 Mutual Friends & Peers (Follows You Back),YDKDEMMAH,DEMMAH,YES (Mutual),Regular,Personal Mutual Connection,"Click to Unfollow YDKDEMMAH United fan, Chess, Graphic designer, Lasuite. In that order"
🤝 Mutual Friends & Peers (Follows You Back),PeterOlokoyo,Sir Tee,YES (Mutual),Regular,Personal Mutual Connection,Click to Unfollow PeterOlokoyo Web3 dude. Librarian. Bagworker. Always open to positive ways at winning.
🤝 Mutual Friends & Peers (Follows You Back),_Floatyy,彼,YES (Mutual),Regular,Personal Mutual Connection,Click to Unfollow _Floatyy Fly.
🤝 Mutual Friends & Peers (Follows You Back),Thebrownson1,Brownson,YES (Mutual),Regular,Personal Mutual Connection,Click to Unfollow Thebrownson1 ~Aluminium and glass Fabrication  (Windows • Doors • Office Partitions ) || Christ Ambassador  || Let's Grow Together – DM Open 4 project and Gigs
🤝 Mutual Friends & Peers (Follows You Back),korexdgreat,korex,YES (Mutual),Verified,Personal Mutual Connection,Click to Unfollow korexdgreat I tweet the present
🤝 Mutual Friends & Peers (Follows You Back),Toxicalade,Toxic .,YES (Mutual),Regular,Personal Mutual Connection,"Click to Unfollow Toxicalade 𝗍𝗋𝖾𝗇𝖼𝗁𝖾𝗋 𝗈𝖿 𝗈𝖽𝖽𝗌.  𝗍𝖾𝗅𝗅𝗂𝗇𝗀 𝗍𝗁𝖾 𝗌𝗍𝗈𝗋𝗒 𝗈𝖿 𝟢 𝗍𝗈 𝗌𝗈𝗆𝖾𝗍𝗁𝗂𝗇𝗀 — 𝗇𝗈 𝗌𝗁𝗈𝗋𝗍𝖼𝗎𝗍𝗌, 𝗃𝗎𝗌𝗍 𝗍𝗁𝖾 𝗌𝗅𝗂𝗉𝗌.||"
🤝 Mutual Friends & Peers (Follows You Back),koredemac11,Korede,YES (Mutual),Regular,Personal Mutual Connection,"Click to Unfollow koredemac11 Random rants, random code Self learning ML and Data Science  Prediction modelling and what nots https://github.com/koredekodes"
🤝 Mutual Friends & Peers (Follows You Back),_adam_khan,Khann,YES (Mutual),Regular,Personal Mutual Connection,Click to Unfollow _adam_khan 𝔹.𝔼𝕟𝕘(𝕚𝕟-𝕧𝕚𝕖𝕨) || 𝕞𝕖𝕞𝕖𝕤 || 𝕨𝕙𝕒𝕥 𝕂𝕙𝕒𝕟 𝕀 𝕕𝕠 𝕗𝕠𝕣 𝕪𝕠𝕦? || main @_adam_tk
🤝 Mutual Friends & Peers (Follows You Back),haaden_911,H,YES (Mutual),Regular,Personal Mutual Connection,Click to Unfollow haaden_911 Cybersecurity student
🤝 Mutual Friends & Peers (Follows You Back),ihyomeo,omeo 𖤐,YES (Mutual),Verified,Personal Mutual Connection,"Click to Unfollow ihyomeo DO OR DIE OUT NOW, link below"
🤝 Mutual Friends & Peers (Follows You Back),nyliava,nylia,YES (Mutual),Verified,Personal Mutual Connection,Click to Unfollow nyliava lifestyle magic ✰ self care ✰ everyday inspo
🤝 Mutual Friends & Peers (Follows You Back),rlluwa,senpii,YES (Mutual),Regular,Personal Mutual Connection,Click to Unfollow rlluwa tired. @obongjayar
🤝 Mutual Friends & Peers (Follows You Back),Yukisangel11,Stella,YES (Mutual),Regular,Personal Mutual Connection,Click to Unfollow Yukisangel11 Pharm D student//School🫩//Certified Crashout//Feminist// Anti-tinubu//
🤝 Mutual Friends & Peers (Follows You Back),dfw_sadgirl,𝓼𝓪𝓭𝓰𝓲𝓻𝓵 ✧✮⋆.˚,YES (Mutual),Regular,Personal Mutual Connection,Click to Unfollow dfw_sadgirl just read my name.
🤝 Mutual Friends & Peers (Follows You Back),realJudebela,Jude Bela,YES (Mutual),Verified,Personal Mutual Connection,Click to Unfollow realJudebela Independent documentary filmmaker. : jude@judebela.com
🤝 Mutual Friends & Peers (Follows You Back),thinktwicex7,Think Twice,YES (Mutual),Regular,Personal Mutual Connection,Click to Unfollow thinktwicex7 MOTIVATION | WISDOM & FUN
🤝 Mutual Friends & Peers (Follows You Back),MEditAtionoo1,MEN'S ARCHIVES,YES (Mutual),Regular,Personal Mutual Connection,Click to Unfollow MEditAtionoo1 Nothing.
🤝 Mutual Friends & Peers (Follows You Back),Chijindu133,Eziokwu_bu_ndu,YES (Mutual),Verified,Personal Mutual Connection,Click to Unfollow Chijindu133
🤝 Mutual Friends & Peers (Follows You Back),__kanyinsola_,Ms.kanyin,YES (Mutual),Regular,Personal Mutual Connection,Click to Unfollow __kanyinsola_ I love God || Research Assistant || Virtual Assistant || Data Entry Manager || Web3
🤝 Mutual Friends & Peers (Follows You Back),Ezechuckwuemeka,2goated4thisworld,YES (Mutual),Regular,Personal Mutual Connection,Click to Unfollow Ezechuckwuemeka ...
🤝 Mutual Friends & Peers (Follows You Back),K3nnyTyy,K3nnytTy,YES (Mutual),Regular,Personal Mutual Connection,"Click to Unfollow K3nnyTyy Faith,FamiLee,Music,Good Food and Weed& k3nnyty@gmail.com"
🤝 Mutual Friends & Peers (Follows You Back),Jinshi_02,Jinshi,YES (Mutual),Regular,Personal Mutual Connection,Click to Unfollow Jinshi_02 Learning about Machines.                                                           Curious about stuff
🤝 Mutual Friends & Peers (Follows You Back),Skycencee,S.K.Y,YES (Mutual),Verified,Personal Mutual Connection,Click to Unfollow Skycencee ENGR | WEB3 | ...
🤝 Mutual Friends & Peers (Follows You Back),bigjojoagain,Jojo,YES (Mutual),Regular,Personal Mutual Connection,Click to Unfollow bigjojoagain |omwtg|@iamnotsubzer0
🤝 Mutual Friends & Peers (Follows You Back),Oba_Of_X,Oba Of X,YES (Mutual),Regular,Personal Mutual Connection,Click to Unfollow Oba_Of_X
🤝 Mutual Friends & Peers (Follows You Back),_eva_aa,Eva,YES (Mutual),Regular,Personal Mutual Connection,Click to Unfollow _eva_aa reality show lover / love movies / and I love to write sometimes.  je Parle le Francais
🤝 Mutual Friends & Peers (Follows You Back),HooTSPoTDC,⭒†heisayobami†⭒,YES (Mutual),Regular,Personal Mutual Connection,Click to Unfollow HooTSPoTDC
🤝 Mutual Friends & Peers (Follows You Back),Anthoneee3,AsiwajuAwo,YES (Mutual),Verified,Personal Mutual Connection,Click to Unfollow Anthoneee3
🤝 Mutual Friends & Peers (Follows You Back),clintonvalidx,Clinton GANA,YES (Mutual),Regular,Personal Mutual Connection,Click to Unfollow clintonvalidx For a while...
🤝 Mutual Friends & Peers (Follows You Back),0xmarw,M16,YES (Mutual),Verified,Personal Mutual Connection,Click to Unfollow 0xmarw ᴄᴏɴɢʀᴀᴛꜱ ᴏɴ ꜰɪɴᴅɪɴɢ ᴍʏ ᴀᴄᴄᴏᴜɴᴛ
🤝 Mutual Friends & Peers (Follows You Back),thobbad,ᵀᴴᴼᴮᴬᴰ.𝘫𝑠,YES (Mutual),Regular,Personal Mutual Connection,"Click to Unfollow thobbad ɘboɔ I Ī̸̛̝̪̹̘̣̬̭̹̐̂̒̿̄̈͜͜ ̶̢̧͕̖͎̉̂̋̍̌͐̔͌͛c̶̤͈̃̑̽̽̐̐͠͝ơ̶̧͔̮͚̮̟̙̣̇̍̀́͘d̴̨̛͍͓̯͉̺͉͖̟͐e̸͚̖̮̱̼̩̝̣̤̤̒̍̌̄̽̿́̒̄ 🅸 🅲🅳🅴,ɘbɒɿƚ I c̶̤͈̃̑̽Ì̵̡̦̩̟͕̳͙ ̴̢̡͇̜̑ẗ̷̻͈́͒ṛ̴̍̽̾̎͝"
🤝 Mutual Friends & Peers (Follows You Back),ademolatrt,Demola,YES (Mutual),Regular,Personal Mutual Connection,Click to Unfollow ademolatrt nothing
🤝 Mutual Friends & Peers (Follows You Back),cike08,Cike08,YES (Mutual),Verified,Personal Mutual Connection,Click to Unfollow cike08 Creative Entrepreneur | Rooted in Faith & Respect | Personal Safety-Tech | Crime Prevention & Deterrence | Health & Wellbeing | Nature | Not a victim | Leo
🤝 Mutual Friends & Peers (Follows You Back),Queeneth01olx,Queeneth,YES (Mutual),Verified,Personal Mutual Connection,"Click to Unfollow Queeneth01olx Storyteller dropping uncomfortable truths about love, dating & life | Real experiences that fix your mindset & raise your standards | No bare minimums here"
🤝 Mutual Friends & Peers (Follows You Back),shewholives15,♡Aisha♡,YES (Mutual),Regular,Personal Mutual Connection,"Click to Unfollow shewholives15 Art in my hands, love in my chest, peace in my pace  | sickle cell doesn’t dim this light"
🤝 Mutual Friends & Peers (Follows You Back),mckhlll,𝗠𝗜𝗖𝗛𝗔𝗘𝗟,YES (Mutual),Regular,Personal Mutual Connection,Click to Unfollow mckhlll 𝘆𝗼𝘂 𝗰𝗲𝗿𝘁𝗮𝗶𝗻𝗹𝘆 𝗰𝗮𝗻.
🤝 Mutual Friends & Peers (Follows You Back),oiseoje_,Ojay★彡,YES (Mutual),Verified,Personal Mutual Connection,Click to Unfollow oiseoje_ 𝐂𝐡𝐞𝐥𝐬𝐞𝐚 || ℕ𝔽 || 𝐈 𝐣𝐮𝐬𝐭 𝐭𝐰𝐞𝐞𝐭.
🤝 Mutual Friends & Peers (Follows You Back),thesadbaby,hard feelings,YES (Mutual),Verified,Personal Mutual Connection,"Click to Unfollow thesadbaby soft thoughts, hard feelings."
🤝 Mutual Friends & Peers (Follows You Back),Westjrn1,West jr,YES (Mutual),Regular,Personal Mutual Connection,Click to Unfollow Westjrn1 Director | Man Utd | Bhadboi OML | I hate APC with passion | Vote Peter Obi
🤝 Mutual Friends & Peers (Follows You Back),akubueze__,BIG MASQUERADE,YES (Mutual),Regular,Personal Mutual Connection,Click to Unfollow akubueze__
🤝 Mutual Friends & Peers (Follows You Back),fvupmu,.F.U.M,YES (Mutual),Verified,Personal Mutual Connection,"Click to Unfollow fvupmu Professional overthinker, amateur consequences enjoyer."
🤝 Mutual Friends & Peers (Follows You Back),koldhat,kold ax Hell,YES (Mutual),Verified,Personal Mutual Connection,Click to Unfollow koldhat ...reposts ≠ endorsement.
🤝 Mutual Friends & Peers (Follows You Back),tolu_waaa,Tolu,YES (Mutual),Regular,Personal Mutual Connection,Click to Unfollow tolu_waaa Social media manager || I sell hair extensions || Ads & Pr
🤝 Mutual Friends & Peers (Follows You Back),El_sa0000,Her.,YES (Mutual),Regular,Personal Mutual Connection,Click to Unfollow El_sa0000 -Story teller #Reality#
🤝 Mutual Friends & Peers (Follows You Back),SamSkid_17,SAMSKID,YES (Mutual),Verified,Personal Mutual Connection,"Click to Unfollow SamSkid_17 Whatever happens, happens."
🤝 Mutual Friends & Peers (Follows You Back),famous_vic60115,Victory Handy,YES (Mutual),Verified,Personal Mutual Connection,Click to Unfollow famous_vic60115 CELEBRITY FEMALE SHOEMAKER./ FASHION/ STYLIST/ BASKETBALL/. Https.//Wa 8022698451//CRAFTMANSHIP//CRAFT INSTRUCTOR//
🤝 Mutual Friends & Peers (Follows You Back),OmideleAde,𝐀𝐝𝐞𝐝𝐨𝐭𝐮𝐧,YES (Mutual),Regular,Personal Mutual Connection,Click to Unfollow OmideleAde Just passing through
🤝 Mutual Friends & Peers (Follows You Back),pymesTHEplug,Mide Pymes,YES (Mutual),Verified,Personal Mutual Connection,Click to Unfollow pymesTHEplug Just a great guy
🤝 Mutual Friends & Peers (Follows You Back),DarkEmpathsm,D A R K E M P A T H,YES (Mutual),Regular,Personal Mutual Connection,Click to Unfollow DarkEmpathsm Take only what u need n leave the land like u found it
🤝 Mutual Friends & Peers (Follows You Back),heiscaly,CALY,YES (Mutual),Regular,Personal Mutual Connection,Click to Unfollow heiscaly Nobody is interested in your feelings
🤝 Mutual Friends & Peers (Follows You Back),Li2bro,The Photographer,YES (Mutual),Regular,Personal Mutual Connection,Click to Unfollow Li2bro self proclaimed therapist. Founder of 3 steps production animation studio
🤝 Mutual Friends & Peers (Follows You Back),Aanike02,Tesleemahhhh,YES (Mutual),Regular,Personal Mutual Connection,"Click to Unfollow Aanike02 Becoming her ,one day at a time"
🤝 Mutual Friends & Peers (Follows You Back),iam_Fuhshure,Fuhshure,YES (Mutual),Regular,Personal Mutual Connection,"Click to Unfollow iam_Fuhshure Bringing back feelings back to the music. No tours yet @iam_fuhshure10@gmail.com Stream ""21"" out now"
🤝 Mutual Friends & Peers (Follows You Back),Sharpez_u_know,Chiemerie,YES (Mutual),Regular,Personal Mutual Connection,Click to Unfollow Sharpez_u_know
🤝 Mutual Friends & Peers (Follows You Back),samyfredxbt,Samy,YES (Mutual),Regular,Personal Mutual Connection,Click to Unfollow samyfredxbt
🤝 Mutual Friends & Peers (Follows You Back),Ranoughttt,Mrs. Me𖤐,YES (Mutual),Regular,Personal Mutual Connection,Click to Unfollow Ranoughttt TIO  @ranoughtttt
🤝 Mutual Friends & Peers (Follows You Back),Jayydeennn,jay ®,YES (Mutual),Verified,Personal Mutual Connection,Click to Unfollow Jayydeennn ig i be tweeting sometimes
🤝 Mutual Friends & Peers (Follows You Back),crypticyardman,Yardman,YES (Mutual),Regular,Personal Mutual Connection,Click to Unfollow crypticyardman Visionary|Tech Enthusiast|Web3 $PEPE I WAS CREATED TO CREATE
🤝 Mutual Friends & Peers (Follows You Back),SAruleze,John TA,YES (Mutual),Regular,Personal Mutual Connection,Click to Unfollow SAruleze Studying price action & sharing what I learn along the way.      1% better than yesterday
🤝 Mutual Friends & Peers (Follows You Back),justgrimm__,David,YES (Mutual),Regular,Personal Mutual Connection,Click to Unfollow justgrimm__
🤝 Mutual Friends & Peers (Follows You Back),Triumphant_bjay,Triumphant,YES (Mutual),Verified,Personal Mutual Connection,Click to Unfollow Triumphant_bjay BDC!   On a  Journey to Success
🤝 Mutual Friends & Peers (Follows You Back),joesmaria_lfc,JoEsMaRiA,YES (Mutual),Verified,Personal Mutual Connection,"Click to Unfollow joesmaria_lfc Nigerian LFC fan  | Daily pre-season, injuries & transfer updates | YNWA | Honest takes only. #LFC"
🤝 Mutual Friends & Peers (Follows You Back),prettyDrVee,VMJ,YES (Mutual),Regular,Personal Mutual Connection,Click to Unfollow prettyDrVee Dentist   || French Language enthusiast || Believer || Let your light so shine before men
🤝 Mutual Friends & Peers (Follows You Back),MayorOfBy,Mayor Of Bayelsa,YES (Mutual),Regular,Personal Mutual Connection,Click to Unfollow MayorOfBy Bringing the TL’s best posts to one place.
🤝 Mutual Friends & Peers (Follows You Back),introverted_lif,ʝµรƭ α ҡเ∂ ∂αƭ ɠαƭ ∂૨εαɱร,YES (Mutual),Regular,Personal Mutual Connection,Click to Unfollow introverted_lif ᴄʜᴇʟꜱᴇᴀ ғᴄ|| ʟᴏɴᴅᴏɴ ᴡɪʟʟ ᴀʟᴡᴀʏꜱ ʙᴇ ʙʟᴜᴇ|| ʀᴏɴᴀʟᴅᴏ
🤝 Mutual Friends & Peers (Follows You Back),Aquaflow077,EMERITUS,YES (Mutual),Verified,Personal Mutual Connection,Click to Unfollow Aquaflow077 TINUBU MUST GO!!
🤝 Mutual Friends & Peers (Follows You Back),maxson_david001,MATHLORD,YES (Mutual),Regular,Personal Mutual Connection,Click to Unfollow maxson_david001 MATHEMATICIAN || MULTIFACETED ||2ND NAPSS P.R.O ELECT NAMSSN P.R.O 25/26|| AWKACROSS PIONEER SPORT DIR. ig: @max_sondavid
🤝 Mutual Friends & Peers (Follows You Back),mightbecarti,𝕮𝖆𝖗𝖙𝖎,YES (Mutual),Regular,Personal Mutual Connection,"Click to Unfollow mightbecarti Que será, será"
🤝 Mutual Friends & Peers (Follows You Back),fwihm__,𝕞𝕠𝕥𝕚𝕠𝕟𝕡𝕒𝕡𝕚 ✦✦,YES (Mutual),Regular,Personal Mutual Connection,Click to Unfollow fwihm__ 我会让它发生，因为我就是他 ! (Ghost writer - account sales/purchases - account management)
🤝 Mutual Friends & Peers (Follows You Back),Pete_technician,,YES (Mutual),Regular,Personal Mutual Connection,Click to Unfollow Pete_technician Perception is mostly the problem.
🤝 Mutual Friends & Peers (Follows You Back),JesseBisiwu19,Psam19,YES (Mutual),Verified,Personal Mutual Connection,Click to Unfollow JesseBisiwu19 Just your normal Joe
🤝 Mutual Friends & Peers (Follows You Back),_marachiii,Amarachi,YES (Mutual),Regular,Personal Mutual Connection,Click to Unfollow _marachiii Deactivating soon...
🤝 Mutual Friends & Peers (Follows You Back),CULERS42,CULERS CENTRE,YES (Mutual),Regular,Personal Mutual Connection,Click to Unfollow CULERS42 Més Que Un Club! #BarçaFans #ForçaBarça Spotify Camp Nou
🤝 Mutual Friends & Peers (Follows You Back),Dizixv,David Dizi,YES (Mutual),Regular,Personal Mutual Connection,Click to Unfollow Dizixv Show up Everyday! Menswear | Creative Director
🤝 Mutual Friends & Peers (Follows You Back),TimTwinWins,Tim Twin,YES (Mutual),Regular,Personal Mutual Connection,Click to Unfollow TimTwinWins #GoBirds #MyJalenHurts #OneLove
🤝 Mutual Friends & Peers (Follows You Back),grindcolony,Grind Colony,YES (Mutual),Verified,Personal Mutual Connection,Click to Unfollow grindcolony Comfort is expensive. Discipline is painful. Choose your price.  Build Daily. BLUNT.
🤝 Mutual Friends & Peers (Follows You Back),heishord,ĦORÐ,YES (Mutual),Verified,Personal Mutual Connection,Click to Unfollow heishord Proverbs 8:18-19
🤝 Mutual Friends & Peers (Follows You Back),joshua_pharmd,,YES (Mutual),Regular,Personal Mutual Connection,Click to Unfollow joshua_pharmd Intentionally smart #GGMU #YourFavouriteLecturer
🤝 Mutual Friends & Peers (Follows You Back),eyebee_art,Eye Bee,YES (Mutual),Verified,Personal Mutual Connection,Click to Unfollow eyebee_art Wizkid  || Man utd || Cristiano  || Hypocrite.
🤝 Mutual Friends & Peers (Follows You Back),miike_ash,Mike Ash,YES (Mutual),Verified,Personal Mutual Connection,Click to Unfollow miike_ash Brave. confident. unapologetic
🤝 Mutual Friends & Peers (Follows You Back),unkonfined,Unkonfined,YES (Mutual),Verified,Personal Mutual Connection,Click to Unfollow unkonfined Independent hip-hop artist / king of X
🤝 Mutual Friends & Peers (Follows You Back),Iamaduura1,iamaduura,YES (Mutual),Regular,Personal Mutual Connection,Click to Unfollow Iamaduura1 Recording Artiste | Songwriter | Agentic Ai Engineer | LLM Engineer
🤝 Mutual Friends & Peers (Follows You Back),iampraiez,ٰ,YES (Mutual),Regular,Personal Mutual Connection,Click to Unfollow iampraiez 𝚌𝚛𝚊𝚌𝚔𝚎𝚍
🤝 Mutual Friends & Peers (Follows You Back),thtguy_nk,NK,YES (Mutual),Regular,Personal Mutual Connection,Click to Unfollow thtguy_nk X ISN’T REAL LIFE….||GGMU||||Breast is my weakness
🤝 Mutual Friends & Peers (Follows You Back),Ogbuehi_M,Meeracle,YES (Mutual),Verified,Personal Mutual Connection,Click to Unfollow Ogbuehi_M ✞Believer • Business Man • Doing Stuffs for @GinakevLabs • Open to Work • DMs are Open
🤝 Mutual Friends & Peers (Follows You Back),DenningSonn,TheNoAngel,YES (Mutual),Regular,Personal Mutual Connection,Click to Unfollow DenningSonn Premium User // Your imaginary Friend // X Growth enthusiast //  The actual Notification you'd like to see more Of.
🤝 Mutual Friends & Peers (Follows You Back),dat_nigga0,Dat_Niggá™,YES (Mutual),Regular,Personal Mutual Connection,Click to Unfollow dat_nigga0 MEDICAL LABORATORY SCIENTIST IN THE MAKING
🤝 Mutual Friends & Peers (Follows You Back),Gr_Enny,TohNee,YES (Mutual),Regular,Personal Mutual Connection,"Click to Unfollow Gr_Enny Writing about life, growth & X culture.  Honest thoughts. Reality checks."
🤝 Mutual Friends & Peers (Follows You Back),Adonis_UG,Adonis,YES (Mutual),Regular,Personal Mutual Connection,Click to Unfollow Adonis_UG
🤝 Mutual Friends & Peers (Follows You Back),jayswaggoo,jay dos santos swaggo✰,YES (Mutual),Regular,Personal Mutual Connection,Click to Unfollow jayswaggoo
🤝 Mutual Friends & Peers (Follows You Back),Sammichainz,Sammichainz,YES (Mutual),Verified,Personal Mutual Connection,Click to Unfollow Sammichainz Music Executive | Promoter | Playlist Curator  Music Consultant | Music Supervisor | Product Manager  | Farmer  | CEO @Chainzwear | #MUFC
🤝 Mutual Friends & Peers (Follows You Back),firi_dausii,Bυκιoℓα♡,YES (Mutual),Regular,Personal Mutual Connection,Click to Unfollow firi_dausii SOFT . WIZ.  Duchess. mhi brain turned upside down expect shiiit frm me
🤝 Mutual Friends & Peers (Follows You Back),babingtond01,𝕺𝖑𝖆𝖇𝖎𝖓𝖏𝖔,YES (Mutual),Regular,Personal Mutual Connection,Click to Unfollow babingtond01 6’5ft! twitter is my journal || sell gadgets
🤝 Mutual Friends & Peers (Follows You Back),neoquil1,NΞO™,YES (Mutual),Regular,Personal Mutual Connection,Click to Unfollow neoquil1 King ||chaos is a ladder||.
🤝 Mutual Friends & Peers (Follows You Back),Emarged,Uncle Ruckus,YES (Mutual),Verified,Personal Mutual Connection,Click to Unfollow Emarged Can’t Be Bordered…
🤝 Mutual Friends & Peers (Follows You Back),proxydelta,Hammed,YES (Mutual),Verified,Personal Mutual Connection,"Click to Unfollow proxydelta TECH, Madridsta , Nupe, DM for Ads & Promo @InventMoneyapp  Random Contents"
🤝 Mutual Friends & Peers (Follows You Back),_greywithin,Daddy Issues ྀི,YES (Mutual),Verified,Personal Mutual Connection,Click to Unfollow _greywithin perfect irony | i•style | ai   @allyoucanGIF
🤝 Mutual Friends & Peers (Follows You Back),PraiseAdeseun,The Adetomiwa,YES (Mutual),Regular,Personal Mutual Connection,Click to Unfollow PraiseAdeseun Law | LFC
🤝 Mutual Friends & Peers (Follows You Back),OdutolaMoses,Alhaji ᝰ,YES (Mutual),Regular,Personal Mutual Connection,Click to Unfollow OdutolaMoses never fall in love again
🤝 Mutual Friends & Peers (Follows You Back),hns_vibez4u,𝐒𝐮𝐚𝐯𝐞,YES (Mutual),Verified,Personal Mutual Connection,"Click to Unfollow hns_vibez4u Movies, chill vibes & honest opinions  Personal recommendations across every genre"
🤝 Mutual Friends & Peers (Follows You Back),GeneralGimba,Ibn Ibrahim,YES (Mutual),Regular,Personal Mutual Connection,Click to Unfollow GeneralGimba Al Magthas Acs properties
🤝 Mutual Friends & Peers (Follows You Back),lfc_malone,𝙈𝙖𝙡𝙤𝙣𝙚,YES (Mutual),Regular,Personal Mutual Connection,Click to Unfollow lfc_malone for the love of the game
🤝 Mutual Friends & Peers (Follows You Back),micheal2fyee,Micheal,YES (Mutual),Regular,Personal Mutual Connection,Click to Unfollow micheal2fyee Perfectionist @ManUtd
🤝 Mutual Friends & Peers (Follows You Back),uyi0zaofx,ᴜʏɪ,YES (Mutual),Verified,Personal Mutual Connection,Click to Unfollow uyi0zaofx Building something | Journey to $1m
🤝 Mutual Friends & Peers (Follows You Back),DeSassiest,𝑻𝒆𝒆,YES (Mutual),Regular,Personal Mutual Connection,"Click to Unfollow DeSassiest Born to express, not to impress.  Model | Writer"
🤝 Mutual Friends & Peers (Follows You Back),dfwhizzy,𝐇𝐢𝐳𝐳𝐲,YES (Mutual),Regular,Personal Mutual Connection,Click to Unfollow dfwhizzy
🤝 Mutual Friends & Peers (Follows You Back),Carey3060831622,Carey,YES (Mutual),Verified,Personal Mutual Connection,Click to Unfollow Carey3060831622 God 1st/ humanity/ health tips
🤝 Mutual Friends & Peers (Follows You Back),dvmilaree,D,YES (Mutual),Regular,Personal Mutual Connection,Click to Unfollow dvmilaree cba
🤝 Mutual Friends & Peers (Follows You Back),brianbello_retk,BRIAN,YES (Mutual),Regular,Personal Mutual Connection,Click to Unfollow brianbello_retk L.L.B. | GRAPHIC DESIGNER. | MUSIC |   ART.
🤝 Mutual Friends & Peers (Follows You Back),maazibatman,Coach,YES (Mutual),Regular,Personal Mutual Connection,Click to Unfollow maazibatman Feminist
🤝 Mutual Friends & Peers (Follows You Back),MrOGdiamond,OSAS,YES (Mutual),Regular,Personal Mutual Connection,Click to Unfollow MrOGdiamond Gym Rat Vibes and insha'Allah  check highlights and media for my posts
🤝 Mutual Friends & Peers (Follows You Back),mykell_x,Mykell,YES (Mutual),Regular,Personal Mutual Connection,Click to Unfollow mykell_x Building....
🤝 Mutual Friends & Peers (Follows You Back),daxMAGA,InspiredByYou,YES (Mutual),Verified,Personal Mutual Connection,Click to Unfollow daxMAGA There is nothing permanent except change
🤝 Mutual Friends & Peers (Follows You Back),itz_tomide_,ChopsbyTommy,YES (Mutual),Verified,Personal Mutual Connection,Click to Unfollow itz_tomide_ Economist | Business Manager | Operations Analyst | Small chops plug | Turning cravings into happiness | Events | Food Tray | Daily munchies | Drinks.
🤝 Mutual Friends & Peers (Follows You Back),jhn_back,,YES (Mutual),Verified,Personal Mutual Connection,Click to Unfollow jhn_back
🤝 Mutual Friends & Peers (Follows You Back),Ebi2yce,Ebi-2yce,YES (Mutual),Verified,Personal Mutual Connection,Click to Unfollow Ebi2yce
🤝 Mutual Friends & Peers (Follows You Back),kweskii,Commissioner for one or two things,YES (Mutual),Regular,Personal Mutual Connection,Click to Unfollow kweskii Art
🤝 Mutual Friends & Peers (Follows You Back),SorlaGbemi,Gbemi_sorla,YES (Mutual),Regular,Personal Mutual Connection,"Click to Unfollow SorlaGbemi Food lover. Music addict. Soft heart, strong opinions."
🤝 Mutual Friends & Peers (Follows You Back),johnwaltersum,Oko John,YES (Mutual),Regular,Personal Mutual Connection,Click to Unfollow johnwaltersum experts only #hategay
🤝 Mutual Friends & Peers (Follows You Back),ms_goodiee,𝓖𝓸𝓸𝓭𝔂𐙚,YES (Mutual),Regular,Personal Mutual Connection,Click to Unfollow ms_goodiee
🤝 Mutual Friends & Peers (Follows You Back),munclenny,(fan)Lenny,YES (Mutual),Regular,Personal Mutual Connection,"Click to Unfollow munclenny NOT affiliated with Leny Yoro.Just a fan,a man utd fan"
🤝 Mutual Friends & Peers (Follows You Back),holysygner,𝕊𝕐𝔾ℕ𝔼ℝℝ✞,YES (Mutual),Regular,Personal Mutual Connection,Click to Unfollow holysygner ᴜɴʟᴏᴄᴋɪɴɢ ᴛʜᴇ ʙᴜʀᴛɪ                ✞
🤝 Mutual Friends & Peers (Follows You Back),Billywest092,Billy,YES (Mutual),Regular,Personal Mutual Connection,Click to Unfollow Billywest092 carpenter
🤝 Mutual Friends & Peers (Follows You Back),folksyTYE,Folksy,YES (Mutual),Verified,Personal Mutual Connection,"Click to Unfollow folksyTYE fret≠ SCIENCE, MELOPHILE, MCFC, OTROVERT."
🤝 Mutual Friends & Peers (Follows You Back),MercyBeaucoup22,Christianah Anuoluwapo,YES (Mutual),Regular,Personal Mutual Connection,Click to Unfollow MercyBeaucoup22 Business lover /Certified Political scientist/ corporate girl /social media manager
🤝 Mutual Friends & Peers (Follows You Back),_raregem05,Toofunmi,YES (Mutual),Regular,Personal Mutual Connection,Click to Unfollow _raregem05 Just thoughts.  I stan Rema!  Follow my backup @Toofunmisbackup
🤝 Mutual Friends & Peers (Follows You Back),kelvinbernald4u,Big Bern,YES (Mutual),Regular,Personal Mutual Connection,Click to Unfollow kelvinbernald4u God's Advocate || #YNWA || pips student  || open to learning
🤝 Mutual Friends & Peers (Follows You Back),Higgins_321,Higgins,YES (Mutual),Regular,Personal Mutual Connection,"Click to Unfollow Higgins_321 Nigerian  | Learning, healing, and growing quietly. Words/ music help me breathe."
🤝 Mutual Friends & Peers (Follows You Back),0xAuthority,The Authority,YES (Mutual),Verified,Personal Mutual Connection,"Click to Unfollow 0xAuthority Perspicacious• Passionate About Evolving• Web3 Enthusiast• Committed To The Pursuit Of Excellence• In All Things, Prepare."
🤝 Mutual Friends & Peers (Follows You Back),prettyodyyy,Ody,YES (Mutual),Regular,Personal Mutual Connection,Click to Unfollow prettyodyyy •Medical Student •Music Lover •Travel Enthusiast• I sell Jerseys @naijajerseystor Snap: ody_mariee
🤝 Mutual Friends & Peers (Follows You Back),SparkleHenry4,Bigspark,YES (Mutual),Regular,Personal Mutual Connection,Click to Unfollow SparkleHenry4 trust nobody
🤝 Mutual Friends & Peers (Follows You Back),Oluwamisegun,Engr Oluwamisegun Irinoye,YES (Mutual),Verified,Personal Mutual Connection,"Click to Unfollow Oluwamisegun Civil Engineer,  CEO - OMS Construction, Oluwamisegun Autos"
🤝 Mutual Friends & Peers (Follows You Back),FEMOLALHA,Ns_Brain,YES (Mutual),Regular,Personal Mutual Connection,"Click to Unfollow FEMOLALHA Movie Reels Bollywood, Hollywood, Nollywood and all the woods short videos and trailers"
🤝 Mutual Friends & Peers (Follows You Back),TD_Iyke,Chikadibia Ikenna,YES (Mutual),Regular,Personal Mutual Connection,"Click to Unfollow TD_Iyke Be disciplined. There's no easy way. There's only smart work, late nights, early mornings, practice and bake. Web3 finest, Dm for ads."
🤝 Mutual Friends & Peers (Follows You Back),Gytheon,Mr j,YES (Mutual),Regular,Personal Mutual Connection,Click to Unfollow Gytheon FB  I come in peace
🤝 Mutual Friends & Peers (Follows You Back),worldno_9,Ope™,YES (Mutual),Regular,Personal Mutual Connection,Click to Unfollow worldno_9 515 COMMUNITY
🤝 Mutual Friends & Peers (Follows You Back),captain_omi,omi,YES (Mutual),Regular,Personal Mutual Connection,Click to Unfollow captain_omi bring your ideas and I'll find the words
🤝 Mutual Friends & Peers (Follows You Back),julsUTD,Juls..,YES (Mutual),Regular,Personal Mutual Connection,Click to Unfollow julsUTD stay real. UTD
🤝 Mutual Friends & Peers (Follows You Back),Emmie_fly,Emmiewinnie,YES (Mutual),Verified,Personal Mutual Connection,Click to Unfollow Emmie_fly Just another account on your timeline.
🤝 Mutual Friends & Peers (Follows You Back),jstfucarl,slime,YES (Mutual),Regular,Personal Mutual Connection,Click to Unfollow jstfucarl yorùbá demon | hyde | stay-at-home-dad
🤝 Mutual Friends & Peers (Follows You Back),wtfdamianarc,Aura,YES (Mutual),Verified,Personal Mutual Connection,Click to Unfollow wtfdamianarc
🤝 Mutual Friends & Peers (Follows You Back),damilola_1404,Basit,YES (Mutual),Regular,Personal Mutual Connection,Click to Unfollow damilola_1404 Barca
🤝 Mutual Friends & Peers (Follows You Back),du_bem8,Dubem,YES (Mutual),Regular,Personal Mutual Connection,Click to Unfollow du_bem8 Just here|| tweeting whatever ||
🤝 Mutual Friends & Peers (Follows You Back),Vortixyz,Vorti.xyz,YES (Mutual),Regular,Personal Mutual Connection,"Click to Unfollow Vortixyz CFD Speculator | Technically, I'm second to none | Structure Over Noise | Liquidity | Key Level Xau | Btc | Indices"
🤝 Mutual Friends & Peers (Follows You Back),Nkema_ma_ka,_sonac,YES (Mutual),Regular,Personal Mutual Connection,Click to Unfollow Nkema_ma_ka Law student ||A writer
🤝 Mutual Friends & Peers (Follows You Back),DeenChainX,ᴅᴇᴇɴᴄʜᴀɪɴ✍︎,YES (Mutual),Regular,Personal Mutual Connection,Click to Unfollow DeenChainX ❖ Wᴇʙ3❖ 2/6 ᴍᴇᴅɪᴄᴀʟ ꜱᴛᴜᴅᴇɴᴛ ❖ₜₒ ₖₙₒw ᵢₛ ₜₒ bₑ fᵣₑₑ
🤝 Mutual Friends & Peers (Follows You Back),Temi__layo,Temilayo,YES (Mutual),Regular,Personal Mutual Connection,Click to Unfollow Temi__layo Medical lab student.
🤝 Mutual Friends & Peers (Follows You Back),ktgsolid,Ktgee,YES (Mutual),Regular,Personal Mutual Connection,Click to Unfollow ktgsolid Father figure||Stay solid||Trust God
🤝 Mutual Friends & Peers (Follows You Back),LukasDGreat07,Divine,YES (Mutual),Verified,Personal Mutual Connection,"Click to Unfollow LukasDGreat07 I tweet, therefore I'm.  The Philosopher|Carpenter"
🤝 Mutual Friends & Peers (Follows You Back),PR1ME_VOID,Prime,YES (Mutual),Regular,Personal Mutual Connection,Click to Unfollow PR1ME_VOID
🤝 Mutual Friends & Peers (Follows You Back),Goodness_Rukky,Goodness,YES (Mutual),Regular,Personal Mutual Connection,Click to Unfollow Goodness_Rukky I might be the only Goodness Nenrit Rukop to exist. Your Favorite girlie and poet.
🤝 Mutual Friends & Peers (Follows You Back),jr_maigamo,papiii,YES (Mutual),Regular,Personal Mutual Connection,Click to Unfollow jr_maigamo MUSLIM||| QUIESCENT
🤝 Mutual Friends & Peers (Follows You Back),iyke__tgst,p4p!,YES (Mutual),Regular,Personal Mutual Connection,Click to Unfollow iyke__tgst can’t lose.
🤝 Mutual Friends & Peers (Follows You Back),Eazzy010,Eazzy,YES (Mutual),Verified,Personal Mutual Connection,Click to Unfollow Eazzy010 Trust in God
🤝 Mutual Friends & Peers (Follows You Back),medikozone,Medic Ozone,YES (Mutual),Verified,Personal Mutual Connection,Click to Unfollow medikozone Medical Student  lover of God Director of Communications NiMSA
🤝 Mutual Friends & Peers (Follows You Back),OmonijiR,Omoniji richard,YES (Mutual),Regular,Personal Mutual Connection,Click to Unfollow OmonijiR no 1 pep  Guardiola fan
🤝 Mutual Friends & Peers (Follows You Back),THESTRUGGLEW,Nifemi IRL,YES (Mutual),Regular,Personal Mutual Connection,Click to Unfollow THESTRUGGLEW Trying to figure life out in public. Real thoughts. Real growth.
🤝 Mutual Friends & Peers (Follows You Back),cargas_22,cargas,YES (Mutual),Regular,Personal Mutual Connection,Click to Unfollow cargas_22 yo
🤝 Mutual Friends & Peers (Follows You Back),Ola1318371Ola,Oladayo,YES (Mutual),Regular,Personal Mutual Connection,Click to Unfollow Ola1318371Ola FC Bayern Munich
🤝 Mutual Friends & Peers (Follows You Back),ithsmy,TOMIWA,YES (Mutual),Verified,Personal Mutual Connection,"Click to Unfollow ithsmy Spreading love, laughter and adventure, cruise master, fruit lover, Manutd, One post at a time  Breathing life, loving hard, living boldly"
🤝 Mutual Friends & Peers (Follows You Back),hajstsshs,Divine,YES (Mutual),Regular,Personal Mutual Connection,Click to Unfollow hajstsshs
🤝 Mutual Friends & Peers (Follows You Back),thereal_sussy,♡ 𝑆𝑈𝐶𝐶𝐸𝑆𝑆 ♡,YES (Mutual),Regular,Personal Mutual Connection,Click to Unfollow thereal_sussy I'm for God || An Igbo Girl || Aspiring HR  || I'm Just Here For Fun || I Love My DaD
🤝 Mutual Friends & Peers (Follows You Back),jbdey4u,John Babz,YES (Mutual),Regular,Personal Mutual Connection,Click to Unfollow jbdey4u no bio
🤝 Mutual Friends & Peers (Follows You Back),fredrickofowora,saintYBNL(KOFO),YES (Mutual),Regular,Personal Mutual Connection,Click to Unfollow fredrickofowora I LOVE MY CITY |ILE-IFE NOT IFE| AFROBEAT&RAP LOVER| LOJAY| FAVE| TWYSE| GAMER BOY| YBNL M^F1A | NO MANNERZ| GOOD EATER
🤝 Mutual Friends & Peers (Follows You Back),darz_berry,Däz_bërry(blue tick),YES (Mutual),Regular,Personal Mutual Connection,Click to Unfollow darz_berry
🤝 Mutual Friends & Peers (Follows You Back),lone_Divine7,☄︎,YES (Mutual),Regular,Personal Mutual Connection,Click to Unfollow lone_Divine7 I'm just a  psychotic undead Misanthrope ☠︎︎☠︎
🤝 Mutual Friends & Peers (Follows You Back),DebbAura,Debby,YES (Mutual),Regular,Personal Mutual Connection,Click to Unfollow DebbAura JUST A GIRL  NO DMS..........DARK GIRL FROM THE NORTH    WEIRDO.........
🤝 Mutual Friends & Peers (Follows You Back),tadiswago,:/,YES (Mutual),Regular,Personal Mutual Connection,Click to Unfollow tadiswago
🤝 Mutual Friends & Peers (Follows You Back),Geo2God,Geo+rge_9,YES (Mutual),Regular,Personal Mutual Connection,"Click to Unfollow Geo2God CEO Geor-phics, Loyal to No 1 But Family, Unfiltered, transparent and Intellectual. Business page : @goe_rphics"
🤝 Mutual Friends & Peers (Follows You Back),k_yceex,Thorffin,YES (Mutual),Verified,Personal Mutual Connection,Click to Unfollow k_yceex i hate Canute  #sonofthors #Truewarrior
🤝 Mutual Friends & Peers (Follows You Back),DonBosco247e,Don Bosco,YES (Mutual),Regular,Personal Mutual Connection,Click to Unfollow DonBosco247e Empowering minds | Motivational writer | Helping you unlock your potential & achieve greatness!
🤝 Mutual Friends & Peers (Follows You Back),ellaaaaaarrr,Rea,YES (Mutual),Verified,Personal Mutual Connection,"Click to Unfollow ellaaaaaarrr upcoming Anatomist,iyawo Asake(Mrs money)"
🤝 Mutual Friends & Peers (Follows You Back),bambyisdazzzled,Gloria,YES (Mutual),Regular,Personal Mutual Connection,"Click to Unfollow bambyisdazzzled BBO|Finalist|Isaiah 41:10|Music is life|20.  I just post what I think, idc."
"🥊 Dating, Masculinity, RedPill & Mindset",OkegbenroQ14218,NOONEISIMPECCABLE,YES (Mutual),Regular,Dating & Self-Improvement Influencer,"Click to Unfollow OkegbenroQ14218 for every action, there's a consequence. Back up account for @certifiedjarvis"
"🥊 Dating, Masculinity, RedPill & Mindset",RationalMale,Rollo Tomassi,NO,Verified,Dating & Self-Improvement Influencer,"Click to Unfollow RationalMale Author of The Rational Male – Unplugging men from the matrix. Intersexual dynamics, self-improvement & Red Pill awareness."
"🥊 Dating, Masculinity, RedPill & Mindset",Prince_Fynnd,Prince Fynn,NO,Verified,Dating & Self-Improvement Influencer,Click to Unfollow Prince_Fynnd Reproductive Health|| Men's Health and Wellness|| Men Coached || pfynn1036@gmail.com
"🥊 Dating, Masculinity, RedPill & Mindset",MyronGainesX,Myron Gaines,NO,Regular,Dating & Self-Improvement Influencer,Click to Unfollow MyronGainesX The Debrief Live M-F 8p EST http://Kick.com/myrongainesx Freshandfit Live M/W/F 11p EST http://Rumble.com/freshandfit
"🥊 Dating, Masculinity, RedPill & Mindset",StirlingWisdom,Stirling Cooper,NO,Verified,Dating & Self-Improvement Influencer,"Click to Unfollow StirlingWisdom Retired & Repenting   Industry Secrets, Biohacks & Psychology  100,000+ Lives Transformed  Helping You Improve Your Sex Life"
"🥊 Dating, Masculinity, RedPill & Mindset",luvmyjaide,AntiFeminist,NO,Verified,Dating & Self-Improvement Influencer,Click to Unfollow luvmyjaide I have a gift for finding the most ignorant pro-aborts in existence.   Feminism is cancer to society. Abolish Abortion.
"🥊 Dating, Masculinity, RedPill & Mindset",Adriana19Flower,Adriana Flowers,NO,Verified,Dating & Self-Improvement Influencer,"Click to Unfollow Adriana19Flower Christ is King, No hymen no diamond, Trump 2024 , Equal rights Equal accountability, anti-feminist, bad faith degen psychos get blocked"
"🥊 Dating, Masculinity, RedPill & Mindset",LatinaCasanova,Latina Casanova | Learn 2 Seduce,NO,Verified,Dating & Self-Improvement Influencer,"Click to Unfollow LatinaCasanova Teaching Sex, Relationships, & Seduction  Turn on tweet notifications!  Relationship and Online Dating Coach"
"🥊 Dating, Masculinity, RedPill & Mindset",Moralityrevived,MODERN MEN MORALS,NO,Verified,Dating & Self-Improvement Influencer,"Click to Unfollow Moralityrevived Insights on masculinity, mindset & morals."
"🥊 Dating, Masculinity, RedPill & Mindset",scrowder,Steven Crowder,NO,Verified,Dating & Self-Improvement Influencer,"Click to Unfollow scrowder Host of ""Louder with Crowder"" the #1 Conservative Daily Show & Home of the Most Watched Election Livestream in the World (Daily Show Mon-Fri, 11 am ET)"
"🥊 Dating, Masculinity, RedPill & Mindset",onlyone_success,Melanin Queen,NO,Verified,Dating & Self-Improvement Influencer,Click to Unfollow onlyone_success Fc Barcelona || Laughing || Loving || Learning — in that order  ||  No simping || No delusion || No emotional blackmail || Just reality.
"🥊 Dating, Masculinity, RedPill & Mindset",semenarchive,Semen Retention Archive,NO,Verified,Dating & Self-Improvement Influencer,Click to Unfollow semenarchive Provides specific knowledge about Semen Retention
"🥊 Dating, Masculinity, RedPill & Mindset",JackNapierNot,Jack Napier,NO,Verified,Dating & Self-Improvement Influencer,Click to Unfollow JackNapierNot Forklift certified best selling author on intersexual dynamics & professional narrator. Youtube: https://youtube.com/@JackNapierKnows…
"🥊 Dating, Masculinity, RedPill & Mindset",SimpPolice911,Simp Police,NO,Verified,Dating & Self-Improvement Influencer,Click to Unfollow SimpPolice911 Masculinity. Exposing the female nature. Author
"🥊 Dating, Masculinity, RedPill & Mindset",TestoConsultant,Alex | The Testosterone Consultant,NO,Verified,Dating & Self-Improvement Influencer,"Click to Unfollow TestoConsultant I help men hit 800-1200 testosterone naturally without TRT.  1000+ men in their 30s, 40s & 50s transformed.  Apply for Testosterone Consulting"
"🥊 Dating, Masculinity, RedPill & Mindset",AntiFeminismAU,Anti-Feminism Australia,NO,Verified,Dating & Self-Improvement Influencer,Click to Unfollow AntiFeminismAU White Aussie living in SEA. Fighting feminism and misandry in Australia since 2010
"🥊 Dating, Masculinity, RedPill & Mindset",Rach4Patriarchy,Rachel Wilson,NO,Verified,Dating & Self-Improvement Influencer,"Click to Unfollow Rach4Patriarchy Wife, Mother, Patriarchist. NOT “trad” or “conservative.” Author of Occult Feminism: The Secret History of Women's Liberation OUT NOW"
"🥊 Dating, Masculinity, RedPill & Mindset",onu_slim,Slim,NO,Verified,Dating & Self-Improvement Influencer,Click to Unfollow onu_slim Someday I wish to live in Mars You can make money from Money & Tech Keep it simple
"🥊 Dating, Masculinity, RedPill & Mindset",seduction__king,Seduction King,NO,Verified,Dating & Self-Improvement Influencer,Click to Unfollow seduction__king The Seduction King.
"🥊 Dating, Masculinity, RedPill & Mindset",shubhvanii,Shubhvani,NO,Verified,Dating & Self-Improvement Influencer,Click to Unfollow shubhvanii Hardest truths for men who refuse to stay average. Female nature. Gym. Money. Frame. No cope.
"🥊 Dating, Masculinity, RedPill & Mindset",manly_mentor,Manly Mentor,NO,Verified,Dating & Self-Improvement Influencer,Click to Unfollow manly_mentor Turning SIMPS into MEN | Masculinity | Dating | Money.
"🥊 Dating, Masculinity, RedPill & Mindset",RedpillDrifter,Redpill Drifter,NO,Verified,Dating & Self-Improvement Influencer,"Click to Unfollow RedpillDrifter Man looks in the abyss, there's nothing staring back at him. At that moment, man finds his character. And that is what keeps him out of the abyss."
"🥊 Dating, Masculinity, RedPill & Mindset",Lead_Protect,LeadProtectProvide,NO,Verified,Dating & Self-Improvement Influencer,"Click to Unfollow Lead_Protect Topics here: Patriarchy, masculinity, femininity"
"🥊 Dating, Masculinity, RedPill & Mindset",testomaxing,Testosterone Maxing,NO,Verified,Dating & Self-Improvement Influencer,Click to Unfollow testomaxing Testosterone Coach | I help busy professionals reclaim their manliness by doubling their Testosterone Levels Naturally.  Free Crash Course:
"🥊 Dating, Masculinity, RedPill & Mindset",lukebelmar,Luke Belmar,NO,Verified,Dating & Self-Improvement Influencer,Click to Unfollow lukebelmar
"🥊 Dating, Masculinity, RedPill & Mindset",selfupgrade222,Self Upgrade,NO,Verified,Dating & Self-Improvement Influencer,Click to Unfollow selfupgrade222 Simple mindset shifts for big life wins.
"🥊 Dating, Masculinity, RedPill & Mindset",maxyourtest,Take Testosterone,NO,Verified,Dating & Self-Improvement Influencer,Click to Unfollow maxyourtest The world belongs to the energetic
"🥊 Dating, Masculinity, RedPill & Mindset",MedeirosPanther,Panther®,NO,Verified,Dating & Self-Improvement Influencer,Click to Unfollow MedeirosPanther Panther of seduction: Mastering the hunt in dating & masculinity. Coaching you to seductive success. Follow for the ultimate hunt through the Jungle.
"🥊 Dating, Masculinity, RedPill & Mindset",RobertGreene,Robert Greene,NO,Verified,Dating & Self-Improvement Influencer,"Click to Unfollow RobertGreene #1 NYT Bestselling Author: The 48 Laws of Power, The Art of Seduction, The 33 Strategies of War, The 50th Law, Mastery, The Laws of Human Nature, The Daily Laws"
"🥊 Dating, Masculinity, RedPill & Mindset",alpharivelino,Rivelino,NO,Verified,Dating & Self-Improvement Influencer,Click to Unfollow alpharivelino Rivelino 1:1 Consult Call
